nom_commun;nom_scientifique;famille;origine;hauteur_min_m;hauteur_max_m;envergure_min_m;envergure_max_m;port;type_racines;type_sol;pH;tolerance_sel;resistance_secheresse;rusticite_min_C;resistance_vent;resistance_chaleur_urbaine;adapte_changement_climatique;ombrage_fort;rafraichissement_fort;mellifere;fruitiere_sauvage;refuge_oiseaux;floraison_remarquable;couleur_automnale;ecorce_decorative;fruits_salissants;pollen_allergisant;branches_fragiles;racines_devastatrices;frequence_taille;sensibilite_maladies;longevite;cout_entretien;stockage_carbone;resilience;impact_icu;biodiversite;qualite_air;biodiversite_service;allergie_service;services_ecosystemiques
Chene pedoncule;Quercus robur;Fagaceae;local;15;40;10;25;étalé;profondes;profond, bien drainé;acide;non;moyenne;-25;4;3;oui;fort;fort;oui;oui;oui;non;oui;non;oui;fort;non;non;occasionnelle;moderee;tres_longue;modere;4;4.72;4.5;4.25;8;eleve;fort;carbone, biodiversite, ombrage, habitat faune
Chene sessile;Quercus petraea;Fagaceae;local;20;45;15;30;arrondi;profondes;profond, acide;acide;non;moyenne;-30;4;3;oui;fort;fort;oui;oui;oui;non;oui;non;oui;fort;non;non;occasionnelle;moderee;tres_longue;modere;4;4.72;4.5;4.25;8;eleve;fort;carbone, biodiversite, ombrage, habitat faune
Chene pubescent;Quercus pubescens;Fagaceae;local;8;25;5;15;étalé;profondes;calcaire, sec;basique;non;bonne;-20;4;4;oui;fort;fort;oui;oui;oui;non;oui;non;oui;fort;non;non;occasionnelle;moderee;tres_longue;modere;3;4.35;4;3.75;6;fort;moyen;carbone, biodiversite, stabilisation sol
Chene vert;Quercus ilex;Fagaceae;local;15;20;10;15;arrondi;profondes;calcaire, sec;basique;oui;excellente;-12;4;5;oui;moyen;fort;oui;oui;oui;non;non;non;oui;moyen;non;non;occasionnelle;faible;tres_longue;faible;3;5;4;3.75;8;fort;faible;carbone, biodiversite, coupe-vent, feuillage persistant
Chene rouge;Quercus rubra;Fagaceae;presque_local;15;25;10;20;ovale;profondes;profond, acide;acide;non;moyenne;-30;4;3;oui;fort;fort;oui;oui;oui;non;oui;non;oui;fort;non;non;occasionnelle;moderee;tres_longue;modere;4;4.35;4;3.5;6;fort;moyen;carbone, ombrage, croissance rapide
Chene chevelu;Quercus cerris;Fagaceae;local;20;30;20;20;étalé;profondes;bien drainé, calcaire;basique;non;bonne;-20;4;4;oui;fort;fort;oui;oui;oui;oui;oui;non;oui;fort;non;non;occasionnelle;moderee;tres_longue;modere;3;3.52;3.67;3.5;6;fort;moyen;carbone, biodiversite, ornemental
Chene de Hongrie;Quercus frainetto;Fagaceae;local;20;25;10;15;ovale;profondes;profond, frais;basique;non;moyenne;-20;3;4;oui;fort;fort;oui;oui;oui;non;oui;non;oui;fort;non;non;occasionnelle;moderee;tres_longue;modere;3;3.52;3.67;3.5;6;fort;moyen;carbone, biodiversite, resistant humidite
Erable champetre;Acer campestre;Sapindaceae;local;5;15;5;10;arrondi;superficielles;tous types, calcaire;basique;oui;moyenne;-30;3;4;oui;moyen;moyen;oui;oui;oui;non;oui;non;oui;fort;non;non;occasionnelle;faible;longue;faible;3;4.35;3.67;2.25;6;moyen;faible;biodiversite, mellifere, haie
Erable plane;Acer platanoides;Sapindaceae;local;15;30;12;15;ovale;superficielles;profond, fertile;basique;oui;moyenne;-30;3;4;oui;fort;fort;oui;oui;oui;non;oui;non;oui;fort;oui;non;occasionnelle;moderee;longue;modere;2;3.52;3.67;2;1.94;moyen;moyen;ombrage, resistance pollution urbaine
Erable sycomore;Acer pseudoplatanus;Sapindaceae;local;20;40;10;25;étalé;superficielles;profond, frais;neutre;non;moyenne;-25;3;3;non;fort;fort;oui;oui;oui;non;non;non;oui;fort;oui;non;occasionnelle;moderee;longue;modere;2;4.72;4.5;2.25;10;moyen;moyen;ombrage, carbone, mellifere
Erable argente;Acer saccharinum;Sapindaceae;vraiment_exotique;20;30;9;15;érigé;superficielles;tous types, humide;neutre;non;bonne;-35;3;2;non;fort;fort;oui;oui;oui;non;non;non;oui;fort;oui;non;occasionnelle;moderee;longue;modere;2;3.52;3.67;2;2.5;moyen;moyen;ornemental, croissance rapide, resistance froid
Erable de Buerger;Acer buergerianum;Sapindaceae;presque_local;10;15;5;10;arrondi;superficielles;acide, humifere;neutre;oui;moyenne;-20;3;4;oui;moyen;moyen;oui;oui;oui;non;oui;non;oui;faible;non;non;occasionnelle;faible;longue;faible;2;4.35;3;2;2.5;moyen;faible;ornemental, bonsai, resistance pollution
Erable de Montpellier;Acer monspessulanum;Sapindaceae;local;5;10;4;8;arrondi;superficielles;calcaire, sec;basique;oui;excellente;-15;4;5;oui;moyen;moyen;oui;oui;oui;non;oui;non;oui;moyen;non;non;occasionnelle;faible;longue;faible;2;4.35;3;2;6;moyen;faible;ornemental, resistance secheresse
Erable a feuilles d'obier;Acer opalus;Sapindaceae;presque_local;5;10;4;8;arrondi;superficielles;calcaire, sec;neutre;non;moyenne;-25;3;3;oui;moyen;moyen;oui;oui;oui;non;oui;non;oui;faible;oui;non;occasionnelle;moderee;longue;modere;2;3.52;3;2;2.5;moyen;faible;ornemental, couleurs automne, resistance froid
Tilleul a petites feuilles;Tilia cordata;Malvaceae;local;25;30;15;20;dressé;superficielles;frais, fertile;neutre;oui;moyenne;-30;4;3;oui;fort;fort;oui;non;oui;oui;non;non;non;moyen;non;non;occasionnelle;moderee;longue;modere;3;4.35;3.67;3.5;10;fort;moyen;mellifere, qualite air, ombrage
Tilleul a larges feuilles;Tilia platyphyllos;Malvaceae;local;20;40;7;12;pyramidal;superficielles;frais, fertile;basique;oui;moyenne;-30;4;3;oui;fort;fort;oui;non;oui;oui;non;non;non;moyen;non;non;occasionnelle;moderee;longue;modere;3;4.35;3.67;3.5;10;fort;moyen;mellifere, ombrage, carbone
Tilleul argente;Tilia tomentosa;Malvaceae;local;15;25;9;15;dressé;superficielles;frais, fertile;basique;oui;bonne;-20;4;4;oui;fort;fort;oui;non;oui;oui;non;non;non;moyen;non;non;occasionnelle;faible;longue;faible;2;3.52;3.67;2.5;10;moyen;moyen;mellifere, ornemental, resistance pollution
Tilleul de Crimee;Tilia x euchlora;Malvaceae;presque_local;15;20;10;12;ovale;superficielles;frais, fertile;basique;oui;bonne;-25;4;4;oui;moyen;moyen;oui;non;oui;oui;non;non;non;faible;non;non;occasionnelle;faible;longue;faible;2;4.35;3;2;6;moyen;faible;ornemental, resistance secheresse
Tilleul de Mongolie;Tilia mongolica;Malvaceae;presque_local;6;10;6;10;érigé;superficielles;frais, fertile;neutre;oui;bonne;-35;3;3;oui;moyen;moyen;oui;non;oui;oui;non;non;non;faible;non;non;occasionnelle;faible;longue;faible;2;4.35;3;2;6;moyen;faible;mellifere, resistance froid
Hete;Fagus sylvatica;Fagaceae;local;20;35;10;25;dressé;profondes;profond, frais;acide;non;faible;-30;3;2;non;fort;fort;non;oui;oui;non;oui;non;oui;moyen;non;oui;jamais;faible;tres_longue;faible;4;3.33;4.5;4.25;10;eleve;faible;carbone, habitat faune, couverture sol
Hete pourpre;Fagus sylvatica f. purpurea;Fagaceae;local;20;35;10;25;dressé;profondes;profond, frais;acide;non;moyenne;-30;3;2;non;fort;fort;non;oui;oui;non;oui;non;oui;moyen;non;oui;jamais;faible;tres_longue;faible;4;3.33;4.5;4.25;10;eleve;faible;ornemental, haie, resistance pollution
Hete pleureur;Fagus sylvatica f. pendula;Fagaceae;local;20;35;10;25;pleureur;profondes;profond, frais;acide;non;moyenne;-30;3;2;non;fort;fort;non;oui;oui;non;oui;non;oui;moyen;non;oui;occasionnelle;faible;tres_longue;modere;4;3.33;4.5;4.25;10;eleve;faible;ornemental, jardin, resistance ombre
Chataignier;Castanea sativa;Fagaceae;local;25;40;15;20;arrondi;profondes;profond, acide;acide;non;bonne;-20;3;3;non;fort;fort;oui;oui;oui;oui;oui;non;oui;fort;non;oui;occasionnelle;moderee;tres_longue;faible;3;3.52;3.67;3.5;8;fort;moyen;fruits comestibles, carbone, bois qualite
Marronnier commun;Aesculus hippocastanum;Sapindaceae;vraiment_exotique;18;25;10;15;arrondi;superficielles;profond, fertile;neutre;oui;moyenne;-25;3;3;non;fort;fort;oui;non;oui;oui;non;non;oui;fort;non;oui;jamais;moderee;longue;faible;2;2.5;5;2.5;2.5;moyen;fort;ombrage urbain, ornemental, resistance pollution
Marronnier a fleurs rouges;Aesculus x carnea;Sapindaceae;vraiment_exotique;15;25;10;15;arrondi;superficielles;profond, fertile;neutre;oui;moyenne;-25;3;3;non;fort;fort;oui;non;oui;oui;non;non;oui;fort;non;oui;jamais;moderee;longue;faible;2;2.5;5;2.5;2.5;moyen;fort;ornemental, resistance pollution, fleurs
Pommier sauvage;Malus sylvestris;Rosaceae;local;5;9;5;6;étalé;superficielles;tous types, fertile;neutre;non;moyenne;-30;3;3;oui;moyen;moyen;oui;oui;oui;oui;oui;non;oui;faible;non;non;reguliere;moderee;longue;modere;2;4.35;3;3.5;6;fort;faible;fruits oiseaux, biodiversite, mellifere
Pommier domestique;Malus communis;Rosaceae;local;3;8;3;6;arrondi;superficielles;tous types, fertile;neutre;non;moyenne;-25;3;3;oui;moyen;moyen;oui;oui;oui;oui;oui;non;oui;faible;non;non;reguliere;moderee;moyenne;modere;2;4.35;3;2.5;6;moyen;faible;fruits comestibles, mellifere, verger
Poirier sauvage;Pyrus communis subsp. pyraster;Rosaceae;local;10;15;8;10;pyramidal;superficielles;argileux, limoneux;neutre;non;moyenne;-25;3;3;oui;moyen;moyen;oui;oui;oui;oui;oui;non;oui;faible;non;non;reguliere;moderee;longue;modere;2;4.35;3;3.5;6;fort;faible;fruits oiseaux, biodiversite, mellifere
Poirier commun;Pyrus communis;Rosaceae;local;10;15;8;10;pyramidal;superficielles;argileux, limoneux;neutre;non;moyenne;-25;3;3;oui;moyen;moyen;oui;oui;oui;oui;oui;non;oui;faible;non;non;reguliere;moderee;longue;modere;2;4.35;3;2.5;6;moyen;faible;fruits comestibles, mellifere, verger
Cerisier merisier;Prunus avium;Rosaceae;local;15;25;10;15;ovale;profondes;limoneux, argileux;neutre;non;moyenne;-25;3;3;oui;fort;fort;oui;oui;oui;oui;oui;oui;oui;moyen;oui;non;occasionnelle;moderee;longue;modere;3;4.35;3.67;3.5;8;fort;moyen;fruits comestibles, bois qualite, mellifere
Cerisier a grappes;Prunus padus;Rosaceae;local;5;12;4;8;ovale;superficielles;frais, humide;acide;non;moyenne;-30;3;2;non;moyen;moyen;oui;oui;oui;oui;non;non;oui;faible;oui;non;occasionnelle;moderee;moyenne;modere;2;4.35;3;3.5;6;fort;faible;biodiversite, fruits oiseaux, ornemental
Cerisier du Japon;Prunus serrulata;Rosaceae;presque_local;5;10;4;8;arrondi;superficielles;tous types, calcaire;neutre;non;moyenne;-20;3;3;oui;moyen;moyen;oui;oui;oui;oui;oui;non;oui;faible;oui;non;occasionnelle;elevee;moyenne;eleve;2;3.33;3;2;2.5;moyen;faible;ornemental, fleurs printanieres, esthetique
Prunier myrobolan;Prunus cerasifera;Rosaceae;presque_local;5;10;4;8;arrondi;superficielles;tous types, calcaire;basique;oui;bonne;-25;4;4;oui;moyen;moyen;oui;oui;oui;oui;non;non;oui;faible;oui;non;occasionnelle;moderee;moyenne;modere;2;4.35;3;2.5;6;moyen;faible;ornemental, fleurs precoces, haie
Prunier domestique;Prunus domestica;Rosaceae;local;3;8;3;6;arrondi;superficielles;tous types, fertile;basique;non;moyenne;-20;3;3;oui;moyen;moyen;oui;oui;oui;oui;oui;non;oui;faible;oui;non;reguliere;moderee;moyenne;modere;2;4.35;3;2.5;6;moyen;faible;fruits comestibles, mellifere, verger
Prunellier;Prunus spinosa;Rosaceae;local;3;6;3;5;dressé;superficielles;pauvre, calcaire;basique;oui;excellente;-30;4;4;oui;moyen;moyen;oui;oui;oui;oui;non;non;oui;faible;non;non;jamais;faible;longue;faible;2;5;2.83;3.5;6;fort;faible;haie defensive, fruits, biodiversite
Cerisier de Sainte-Lucie;Prunus mahaleb;Rosaceae;local;5;10;4;8;arrondi;profondes;tous types, calcaire;basique;oui;bonne;-20;4;5;oui;moyen;moyen;oui;oui;oui;oui;non;non;oui;faible;non;non;jamais;faible;longue;faible;2;5;2.83;2.5;6;moyen;faible;porte-greffe, resistance secheresse, mellifere
Noyer commun;Juglans regia;Juglandaceae;local;15;25;10;20;arrondi;profondes;tous types;neutre;non;moyenne;-25;4;3;non;fort;fort;non;oui;oui;non;oui;non;oui;fort;oui;oui;occasionnelle;faible;tres_longue;modere;3;3.52;3.67;2.5;6;moyen;fort;fruits comestibles, bois qualite, carbone
Noyer noir;Juglans nigra;Juglandaceae;presque_local;15;30;10;20;arrondi;profondes;tous types;neutre;non;bonne;-30;4;3;oui;fort;fort;non;oui;oui;non;oui;non;oui;fort;oui;oui;occasionnelle;faible;tres_longue;modere;3;3.52;3.67;2.5;6;moyen;fort;bois qualite, ombrage, resistance froid
Peuplier noir;Populus nigra;Salicaceae;local;15;30;10;20;ovale;superficielles;profond, humide;neutre;oui;bonne;-35;4;4;oui;fort;fort;oui;oui;oui;non;oui;non;oui;fort;oui;oui;occasionnelle;moderee;moyenne;modere;4;3.33;4;2.5;10;moyen;moyen;carbone, stabilisation berge, croissance rapide
Peuplier tremble;Populus tremula;Salicaceae;local;15;25;10;15;ovale;superficielles;profond, humide;acide;non;bonne;-40;3;3;non;fort;fort;oui;oui;oui;non;oui;non;oui;fort;oui;oui;jamais;moderee;moyenne;faible;3;4.35;3.67;3.5;8;fort;moyen;pionnier, biodiversite, stabilisation sol
Peuplier du Canada;Populus x canadensis;Salicaceae;presque_local;20;35;10;20;ovale;superficielles;profond, humide;neutre;oui;bonne;-30;3;4;oui;fort;fort;oui;oui;oui;non;oui;non;oui;fort;oui;oui;occasionnelle;moderee;moyenne;modere;4;3.33;4;2;10;moyen;moyen;carbone, croissance rapide, coupe-vent
Saule blanc;Salix alba;Salicaceae;local;15;25;10;15;ovale;superficielles;humide, argileux;neutre;non;excellente;-30;4;3;oui;fort;fort;oui;oui;oui;non;oui;non;oui;faible;oui;oui;occasionnelle;moderee;moyenne;modere;3;4.35;3.67;3.5;8;fort;faible;stabilisation berge, vannerie, biodiversite
Saule marsault;Salix caprea;Salicaceae;local;5;12;4;8;arrondi;superficielles;humide, acide;acide;non;faible;-35;3;2;non;moyen;moyen;oui;oui;oui;oui;oui;non;oui;faible;non;oui;jamais;faible;moyenne;faible;2;4.35;3.33;3.5;6;fort;faible;mellifere, stabilisation berge, biodiversite
Saule pleureur;Salix x sepulcralis;Salicaceae;presque_local;10;15;5;10;pleureur;superficielles;humide, bien drainé;neutre;non;faible;-25;3;3;oui;moyen;moyen;oui;oui;oui;oui;oui;non;oui;faible;oui;oui;reguliere;moderee;moyenne;modere;2;3.33;3;2;6;moyen;faible;ornemental, stabilisation berge
Saule cendre;Salix cinerea;Salicaceae;local;5;10;4;8;arrondi;superficielles;humide, acide;neutre;non;faible;-30;3;3;oui;moyen;moyen;oui;oui;oui;oui;oui;non;oui;faible;oui;oui;jamais;faible;moyenne;faible;2;4.35;3;2.5;6;moyen;faible;stabilisation berge, vannerie
Saule pourpre;Salix purpurea;Salicaceae;local;2;5;2;4;arrondi;superficielles;humide, calcaire;neutre;non;faible;-30;3;3;oui;moyen;moyen;oui;oui;oui;non;oui;non;oui;faible;non;oui;reguliere;faible;moyenne;faible;2;5;2.83;2.5;6;moyen;faible;stabilisation berge, vannerie
Saule d'osier;Salix viminalis;Salicaceae;local;3;6;2;4;arrondi;superficielles;humide, argileux;neutre;non;faible;-30;3;3;oui;moyen;moyen;oui;oui;oui;non;oui;non;oui;faible;non;oui;reguliere;faible;moyenne;faible;2;5;2.83;2.5;6;moyen;faible;vannerie, stabilisation berge, phytoremédiation
Saule a trois etamines;Salix triandra;Salicaceae;local;5;12;4;8;arrondi;superficielles;humide, argileux;neutre;non;faible;-35;3;3;oui;moyen;moyen;oui;oui;oui;oui;oui;non;oui;faible;non;oui;reguliere;faible;moyenne;faible;2;5;2.83;2.5;6;moyen;faible;stabilisation berge, mellifere
Bouleau verruqueux;Betula pendula;Betulaceae;local;20;25;5;10;dressé;superficielles;acide, bien draine;acide;non;bonne;-35;3;3;oui;moyen;moyen;oui;oui;oui;non;oui;oui;non;fort;oui;non;jamais;moderee;moyenne;faible;2;5;3.67;2;8;moyen;faible;pionnier, biodiversite, carbone
Bouleau pubescent;Betula pubescens;Betulaceae;local;15;25;8;15;ovale;superficielles;acide, bien drainé;acide;non;faible;-40;3;2;non;moyen;moyen;oui;oui;oui;non;oui;oui;non;faible;oui;non;jamais;moderee;moyenne;faible;2;5;3.67;0.25;8;moyen;faible;pionnier, tourbiere, biodiversite
Charme commun;Carpinus betulus;Betulaceae;local;15;20;6;8;ovale;superficielles;tous types, frais;basique;oui;moyenne;-30;4;4;oui;fort;fort;oui;oui;oui;non;oui;non;oui;faible;non;non;reguliere;faible;longue;modere;3;4.35;3.33;4.25;8;fort;faible;haie, carbone, resistance ombre
Charme houblon;Ostrya carpinifolia;Cannabaceae;presque_local;8;15;5;10;ovale;superficielles;calcaire, sec;basique;oui;bonne;-20;4;5;oui;moyen;moyen;oui;oui;oui;non;oui;non;oui;fort;non;non;reguliere;faible;longue;modere;3;4.35;8;15;6;moyen;faible;ornemental, haie, resistance secheresse
Aulne glutineux;Alnus glutinosa;Betulaceae;local;18;30;10;15;dressé;superficielles;frais, humide;acide;non;faible;-35;3;2;non;moyen;moyen;oui;oui;oui;non;non;non;non;faible;non;oui;jamais;moderee;moyenne;faible;2;5;2.83;20;8;fort;faible;fixation azote, stabilisation berge, biodiversite
Aulne cordiforme;Alnus cordata;Betulaceae;local;15;25;8;15;ovale;superficielles;frais, humide;neutre;non;faible;-25;3;3;oui;moyen;moyen;oui;oui;oui;non;non;non;non;faible;non;oui;jamais;moderee;moyenne;faible;2;2.5;3.67;2;8;fort;faible;fixation azote, croissance rapide, ornemental
Frene commun;Fraxinus excelsior;Oleaceae;local;20;40;10;20;étalé;profondes;profond, frais;basique;oui;moyenne;-30;4;3;oui;fort;fort;oui;oui;oui;non;oui;non;oui;fort;oui;oui;occasionnelle;elevee;longue;modere;3;2.5;4;3.75;10;fort;fort;carbone, bois qualite, biodiversite
Frene a feuilles etroites;Fraxinus angustifolia;Oleaceae;local;15;25;8;15;ovale;profondes;profond, frais;basique;oui;bonne;-20;4;5;oui;fort;fort;oui;oui;oui;non;oui;non;oui;fort;non;oui;occasionnelle;moderee;longue;modere;3;4.35;4;3.5;10;fort;fort;resistance secheresse, ornemental
Robinier faux-acacia;Robinia pseudoacacia;Fabaceae;presque_local;20;30;10;15;étalé;superficielles;pauvre, calcaire;basique;oui;excellente;-25;4;5;oui;moyen;fort;oui;oui;oui;oui;non;non;oui;faible;oui;oui;jamais;moderee;moyenne;faible;2;5;3;3.5;8;fort;faible;fixation azote, resistance secheresse, bois durable
Sorbier des oiseleurs;Sorbus aucuparia;Rosaceae;local;5;15;5;10;dressé;superficielles;tous types, acide;acide;non;moyenne;-30;3;2;non;moyen;moyen;oui;oui;oui;oui;oui;non;oui;faible;non;non;jamais;moderee;moyenne;faible;2;4.35;3.33;4.25;6;fort;faible;biodiversite, fruits oiseaux, mellifere
Sorbier torminal;Sorbus torminalis;Rosaceae;local;8;15;5;10;ovale;profondes;tous types, calcaire;basique;oui;bonne;-20;4;4;oui;moyen;moyen;oui;oui;oui;oui;oui;non;oui;faible;non;non;jamais;moderee;longue;faible;2;4.35;3.33;4.25;6;fort;faible;biodiversite, bois qualite, resistance calcaire
Alisier blanc;Sorbus aria;Rosaceae;local;8;15;5;10;ovale;profondes;tous types, calcaire;basique;oui;excellente;-20;4;5;oui;moyen;moyen;oui;oui;oui;oui;oui;non;oui;faible;non;non;jamais;faible;longue;faible;2;4.72;3.33;3.5;6;fort;faible;biodiversite, resistance secheresse, mellifere
Alisier torminal;Sorbus torminalis;Rosaceae;local;8;15;5;10;ovale;profondes;tous types, calcaire;basique;oui;bonne;-20;4;4;oui;moyen;moyen;oui;oui;oui;oui;oui;non;oui;faible;non;non;jamais;faible;longue;faible;2;4.72;3.33;3.5;6;fort;faible;biodiversite, fruits comestibles
Cormier;Sorbus domestica;Rosaceae;local;8;20;5;12;ovale;profondes;profond, calcaire;basique;oui;bonne;-20;4;4;oui;moyen;moyen;oui;oui;oui;oui;oui;non;oui;faible;non;non;jamais;moderee;longue;modere;2;4.35;3.33;3.5;6;fort;faible;fruits comestibles, biodiversite, bois qualite
Micocoulier de Provence;Celtis australis;Cannabaceae;local;10;25;8;15;ovale;profondes;sec, calcaire;basique;oui;excellente;-15;5;5;oui;fort;fort;oui;oui;oui;non;non;oui;oui;moyen;non;oui;jamais;faible;tres_longue;faible;2;3.33;4;3.5;8;moyen;moyen;resistance secheresse, ornemental, carbone
Platane commun;Platanus x hispanica;Platanaceae;presque_local;10;35;15;25;étalé;profondes;profond, fertile;basique;oui;bonne;-20;4;5;oui;fort;fort;non;oui;oui;non;oui;oui;oui;moyen;oui;oui;occasionnelle;moderee;tres_longue;modere;4;4.35;4.5;2;10;moyen;moyen;ombrage urbain, resistance pollution, carbone
Platane d'Orient;Platanus orientalis;Platanaceae;presque_local;15;30;10;20;ovale;profondes;profond, fertile;basique;oui;bonne;-20;4;5;oui;fort;fort;non;oui;oui;non;oui;oui;oui;moyen;oui;oui;occasionnelle;moderee;tres_longue;modere;4;4.35;4.5;2;10;moyen;moyen;ombrage, resistance pollution, longevite
Ginkgo;Ginkgo biloba;Ginkgoaceae;presque_local;15;25;8;15;ovale;profondes;tous types, bien draine;neutre;oui;excellente;-30;4;5;oui;fort;fort;non;oui;oui;non;oui;non;oui;faible;non;non;jamais;faible;tres_longue;faible;3;5;4;2;10;moyen;faible;resistance pollution, medicinal, longevite
Tulipier de Virginie;Liriodendron tulipifera;Magnoliaceae;presque_local;15;30;10;20;ovale;profondes;profond, fertile;acide;non;moyenne;-25;3;4;oui;fort;fort;oui;oui;oui;oui;oui;non;oui;moyen;oui;non;jamais;faible;longue;faible;3;3.52;4;2;8;moyen;moyen;carbone, ornemental, croissance rapide
Catalpa commun;Catalpa bignonioides;Bignoniaceae;presque_local;8;15;6;12;ovale;superficielles;profond, fertile;neutre;oui;moyenne;-25;3;4;oui;fort;fort;oui;oui;oui;oui;non;non;oui;moyen;oui;non;occasionnelle;moderee;moyenne;modere;2;3.52;3.67;2.5;8;moyen;moyen;ornemental, ombrage, resistance pollution
Catalpa specieux;Catalpa speciosa;Bignoniaceae;presque_local;10;20;8;15;ovale;superficielles;profond, fertile;neutre;oui;moyenne;-30;3;4;oui;fort;fort;oui;oui;oui;oui;non;non;oui;moyen;oui;non;occasionnelle;moderee;moyenne;modere;2;3.52;3.67;2.5;8;moyen;moyen;ornemental, ombrage, resistance froid
Sophora du Japon;Sophora japonica;Fabaceae;presque_local;10;20;8;15;ovale;profondes;profond, bien draine;basique;oui;excellente;-25;4;5;oui;fort;fort;oui;oui;oui;oui;oui;non;oui;faible;oui;non;jamais;moderee;longue;faible;3;4.72;4;3.5;10;fort;faible;mellifere, resistance secheresse, ornemental
Fevier d'Amerique;Gleditsia triacanthos;Fabaceae;presque_local;10;20;8;15;ovale;profondes;pauvre, calcaire;neutre;oui;bonne;-30;4;4;oui;fort;fort;oui;oui;oui;non;non;non;oui;faible;oui;non;jamais;faible;longue;faible;3;4.35;4;2.5;8;moyen;faible;fixation azote, resistance pollution, ombre
Fevier sans epines;Gleditsia triacanthos var. inermis;Fabaceae;presque_local;10;20;8;15;ovale;profondes;pauvre, calcaire;neutre;oui;bonne;-30;4;4;oui;fort;fort;oui;oui;oui;non;non;non;oui;faible;oui;non;jamais;faible;longue;faible;3;4.35;4;2.5;8;moyen;faible;fixation azote, ornemental urbain
Arbre de Judee;Cercis siliquastrum;Fabaceae;presque_local;5;10;4;8;arrondi;superficielles;calcaire, sec;basique;oui;bonne;-20;3;5;oui;moyen;moyen;oui;oui;oui;oui;non;non;oui;faible;non;non;jamais;faible;moyenne;faible;2;4.35;3;3.5;6;fort;faible;mellifere, ornemental, resistance calcaire
Parrotie de Perse;Parrotia persica;Hamamelidaceae;presque_local;5;10;4;8;arrondi;superficielles;tous types, fertile;neutre;oui;bonne;-25;3;3;oui;moyen;moyen;oui;oui;oui;oui;oui;oui;non;faible;non;non;jamais;faible;longue;faible;2;4.35;3.67;2;8;moyen;faible;ornemental, resistance froid, couleurs automne
Liquidambar;Liquidambar styraciflua;Altingiaceae;presque_local;15;25;8;15;ovale;profondes;profond, fertile;acide;non;moyenne;-20;3;3;oui;fort;fort;oui;oui;oui;non;oui;non;oui;faible;non;non;jamais;faible;longue;faible;3;3.52;4;2.5;8;moyen;faible;ornemental, carbone, couleurs automne
Copalme d'Amerique;Liquidambar styraciflua;Altingiaceae;presque_local;15;25;8;15;ovale;profondes;profond, fertile;acide;non;moyenne;-20;3;3;oui;fort;fort;oui;oui;oui;non;oui;non;oui;faible;non;non;jamais;faible;longue;faible;3;3.52;4;2.5;8;moyen;faible;ornemental, carbone, resistance humidite
Styrax de Chine;Styrax japonicus;Styracaceae;presque_local;5;10;4;8;arrondi;superficielles;acide, humide;neutre;non;moyenne;-20;3;3;oui;moyen;moyen;oui;oui;oui;oui;non;non;oui;faible;non;non;occasionnelle;moderee;moyenne;modere;2;3.33;3;2;6;moyen;faible;ornemental, mellifere, fragrant
Davidia de Chine;Davidia involucrata;Nyssaceae;vraiment_exotique;8;15;6;12;ovale;superficielles;profond, fertile;acide;non;faible;-25;3;2;non;moyen;moyen;oui;oui;oui;oui;non;non;oui;faible;non;non;jamais;moderee;longue;faible;2;2.5;3;2.5;6;moyen;faible;ornemental, rarete, biodiversite
Micocoulier commun;Celtis occidentalis;Cannabaceae;local;10;25;8;15;ovale;profondes;sec, calcaire;basique;oui;excellente;-15;5;5;oui;fort;fort;oui;oui;oui;non;oui;non;oui;faible;non;oui;jamais;faible;tres_longue;faible;2;4.72;4;3.5;8;moyen;faible;resistance secheresse, fruits comestibles
Zelkova du Japon;Zelkova serrata;Ulmaceae;presque_local;10;20;8;15;ovale;profondes;profond, fertile;basique;oui;bonne;-25;4;4;oui;fort;fort;non;oui;oui;non;oui;oui;non;faible;oui;non;occasionnelle;moderee;longue;modere;3;4.35;4;2;10;moyen;faible;ornemental, resistance pollution, longevite
Orme champetre;Ulmus minor;Ulmaceae;local;15;30;10;20;ovale;profondes;profond, frais;basique;oui;bonne;-30;4;4;oui;fort;fort;oui;oui;oui;non;oui;non;oui;moyen;oui;oui;occasionnelle;elevee;longue;modere;3;4.35;3.67;3.5;8;fort;moyen;biodiversite, resistance vent, haie
Orme de Hollande;Ulmus x hollandica;Ulmaceae;local;15;30;10;20;ovale;profondes;profond, frais;basique;oui;bonne;-25;4;4;oui;fort;fort;oui;oui;oui;non;oui;non;oui;moyen;oui;oui;occasionnelle;elevee;longue;eleve;3;3.52;3.67;3.5;8;fort;moyen;ombrage, resistance pollution
Orme lisse;Ulmus laevis;Ulmaceae;presque_local;15;30;10;20;ovale;profondes;profond, frais;basique;oui;bonne;-25;4;4;oui;fort;fort;oui;oui;oui;non;oui;oui;oui;moyen;oui;oui;occasionnelle;moderee;longue;modere;3;4.35;3.67;3.5;8;fort;moyen;ornemental, resistance maladie
Orme de Siberie;Ulmus pumila;Ulmaceae;presque_local;8;15;6;12;ovale;profondes;profond, frais;basique;oui;excellente;-35;4;4;oui;fort;fort;oui;oui;oui;non;oui;non;oui;moyen;oui;oui;occasionnelle;moderee;longue;modere;3;5;3.67;2.5;8;moyen;moyen;resistance froid, croissance rapide, carbone
Faux orme de Siberie;Zelkova carpinifolia;Ulmaceae;presque_local;10;20;8;15;ovale;profondes;profond, fertile;basique;oui;bonne;-30;4;4;oui;fort;fort;oui;oui;oui;non;oui;non;oui;moyen;oui;oui;occasionnelle;moderee;longue;modere;3;5;3.67;2.5;8;moyen;moyen;resistance froid, ornemental
If commun;Taxus baccata;Taxaceae;local;5;15;3;8;ovale;profondes;tous types, calcaire;basique;oui;moyenne;-20;4;4;oui;moyen;moyen;non;oui;oui;non;non;non;oui;faible;non;oui;reguliere;moderee;tres_longue;modere;3;4.72;3.33;2;8;moyen;faible;haie, feuillage persistant, longevite
Sapin pecine;Abies alba;Pinaceae;local;20;50;5;12;conique;profondes;profond, frais;neutre;non;moyenne;-25;4;3;non;fort;fort;non;oui;oui;non;non;non;oui;faible;non;oui;jamais;moderee;longue;faible;3;4.35;3.67;2.5;10;moyen;faible;carbone, ornemental, resistance froid
Sapin argente;Abies alba;Pinaceae;local;20;50;5;12;conique;superficielles;profond, frais;acide;non;moyenne;-20;3;3;oui;moyen;moyen;non;oui;oui;non;non;non;oui;faible;non;oui;jamais;moderee;longue;faible;2;3.33;3;2;2.5;moyen;faible;ornemental, resistance pollution, feuillage persistant
Sapin de Concolor;Abies concolor;Pinaceae;presque_local;15;40;5;12;conique;profondes;bien drainé, acide;neutre;oui;bonne;-30;4;4;oui;moyen;moyen;non;oui;oui;non;non;non;oui;faible;non;oui;jamais;faible;longue;faible;3;4.72;3.67;2;8;moyen;faible;carbone, ornemental, resistance secheresse
Sapin du Colorado;Abies concolor;Pinaceae;presque_local;15;40;5;12;conique;profondes;bien drainé, acide;neutre;oui;bonne;-35;4;3;oui;moyen;moyen;non;oui;oui;non;non;non;oui;faible;non;oui;jamais;faible;longue;faible;3;4.72;3.67;2;8;moyen;faible;carbone, resistance froid, ornemental
Sapin d'Espagne;Abies pinsapo;Pinaceae;local;10;25;5;12;conique;superficielles;bien drainé, acide;acide;non;faible;-15;3;3;non;moyen;moyen;non;oui;oui;non;non;non;oui;faible;non;oui;jamais;moderee;moyenne;modere;2;2.5;3.33;2.5;8;moyen;faible;biodiversite, carbone, endemique
Cedre de l'Atlas;Cedrus atlantica;Pinaceae;presque_local;15;40;8;15;conique;profondes;sec, calcaire;basique;oui;excellente;-15;5;5;oui;fort;fort;non;oui;oui;non;non;non;oui;faible;non;oui;jamais;faible;tres_longue;faible;4;5;4;2;8;moyen;faible;carbone, resistance secheresse, majestueux
Cedre du Liban;Cedrus libani;Pinaceae;presque_local;15;40;8;15;conique;profondes;sec, calcaire;basique;oui;excellente;-15;4;5;oui;fort;fort;non;oui;oui;non;non;non;oui;faible;non;oui;jamais;faible;tres_longue;faible;4;5;4;2;8;moyen;faible;carbone, longevite, symbolique
Pin sylvestre;Pinus sylvestris;Pinaceae;local;10;25;5;15;conique;profondes;sableux, acide;acide;non;bonne;-35;4;4;oui;moyen;moyen;non;oui;oui;non;non;oui;oui;fort;oui;oui;jamais;faible;longue;faible;3;4.72;3.67;2;8;moyen;moyen;carbone, resistance secheresse, stabilisation sol
Pin noir;Pinus nigra;Pinaceae;local;15;40;8;15;conique;profondes;sec, calcaire;basique;oui;excellente;-20;4;5;oui;moyen;moyen;non;oui;oui;non;non;non;oui;fort;oui;oui;jamais;faible;longue;faible;3;5;3.67;2;8;moyen;moyen;stabilisation sol, resistance secheresse, carbone
Pin laricio;Pinus nigra subsp. laricio;Pinaceae;local;15;40;8;15;conique;profondes;sec, calcaire;basique;oui;excellente;-20;4;5;oui;moyen;moyen;non;oui;oui;non;non;non;oui;fort;oui;oui;jamais;faible;longue;faible;3;5;3.67;2;8;moyen;moyen;stabilisation sol, resistance secheresse
Pin maritime;Pinus pinaster;Pinaceae;local;15;35;8;20;conique;profondes;sableux, sec;acide;oui;excellente;-15;4;4;oui;moyen;moyen;non;oui;oui;non;non;non;oui;fort;oui;oui;jamais;faible;longue;faible;3;5;3.67;2;8;moyen;moyen;stabilisation sol dunaire, resine, carbone
Pin de Weymouth;Pinus strobus;Pinaceae;vraiment_exotique;15;30;8;15;conique;profondes;sableux, acide;acide;non;moyenne;-35;3;3;non;moyen;moyen;non;oui;oui;non;non;non;oui;fort;oui;oui;jamais;moderee;moyenne;modere;3;4.35;3.67;2;8;moyen;moyen;carbone, ornemental, croissance rapide
Epicea commun;Picea abies;Pinaceae;local;15;40;5;10;conique;superficielles;argileux, profond;acide;non;moyenne;-35;3;2;non;moyen;moyen;non;oui;oui;non;non;non;oui;fort;oui;non;jamais;elevee;longue;modere;3;4.35;3.67;2.5;10;moyen;moyen;carbone, bois construction, biodiversite
Epicea d'Orient;Picea orientalis;Pinaceae;presque_local;15;35;5;12;conique;superficielles;bien drainé, acide;neutre;oui;faible;-30;3;3;oui;moyen;moyen;non;oui;oui;non;non;non;oui;fort;non;non;jamais;moderee;longue;faible;3;3.33;3.67;2.5;8;moyen;moyen;ornemental, resistance ombre
Epicea de Serbie;Picea omorika;Pinaceae;presque_local;15;30;4;8;conique;superficielles;bien drainé, acide;neutre;oui;faible;-30;3;3;oui;moyen;moyen;non;oui;oui;non;non;non;oui;fort;non;non;jamais;moderee;longue;faible;3;3.33;3.67;2.5;8;moyen;moyen;ornemental, resistance pollution
Meleze d'Europe;Larix decidua;Pinaceae;local;15;35;5;10;conique;profondes;bien drainé, acide;acide;non;bonne;-35;3;3;oui;moyen;moyen;non;oui;oui;non;oui;non;oui;moyen;oui;non;jamais;moderee;longue;faible;3;4.72;3.67;2;8;moyen;faible;carbone, bois durable, resistance froid
Meleze du Japon;Larix kaempferi;Pinaceae;presque_local;15;25;5;10;conique;profondes;bien drainé, acide;acide;non;moyenne;-30;3;3;oui;moyen;moyen;non;oui;oui;non;oui;non;oui;moyen;oui;non;jamais;moderee;longue;faible;3;4.35;3.67;2;8;moyen;faible;carbone, ornemental, resistance froid
Sequoi a feuilles d'if;Sequoia sempervirens;Cupressaceae;presque_local;20;40;10;20;conique;profondes;tous types;acide;non;faible;-20;3;4;oui;fort;fort;non;oui;oui;non;oui;oui;oui;faible;non;oui;jamais;faible;tres_longue;faible;4;4.35;4.5;2;10;moyen;faible;carbone, longevite, ombre persistante
Metasequoia;Metasequoia glyptostroboides;Cupressaceae;presque_local;15;30;8;15;conique;profondes;tous types;acide;non;faible;-25;3;3;oui;fort;fort;non;oui;oui;non;oui;non;oui;faible;non;oui;jamais;faible;longue;faible;4;4.35;4.5;2;10;moyen;faible;carbone, ornemental, resistance humidite
Chamaecyparis de Lawson;Chamaecyparis lawsoniana;Cupressaceae;presque_local;5;20;3;8;conique;superficielles;humide, fertile;neutre;oui;moyenne;-25;3;3;oui;moyen;moyen;non;oui;oui;non;non;non;oui;faible;non;non;jamais;faible;longue;faible;2;3.33;3;2;8;moyen;faible;haie, ornemental, resistance pollution
Cypres de Leyland x Cupressocyparis leylandii;Cupressocyparis leylandii;Cupressaceae;presque_local;15;20;3;5;colonnaire;superficielles;tous types;neutre;oui;bonne;-25;4;4;oui;moyen;moyen;non;oui;oui;non;non;non;oui;faible;non;oui;reguliere;faible;moyenne;modere;2;4.35;3;2;8;moyen;faible;coupe-vent, haie, croissance rapide
Thuya de Chine;Platycladus orientalis;Cupressaceae;presque_local;5;15;3;8;conique;superficielles;tous types;neutre;oui;bonne;-25;3;4;oui;moyen;moyen;non;oui;oui;non;non;non;oui;faible;non;non;reguliere;faible;moyenne;modere;2;4.35;3;2;8;moyen;faible;haie, resistance pollution, feuillage persistant
Thuya occidental;Thuja occidentalis;Cupressaceae;presque_local;5;15;2;5;conique;superficielles;humide, fertile;neutre;oui;moyenne;-35;4;3;oui;moyen;moyen;non;oui;oui;non;non;non;oui;faible;non;non;reguliere;faible;moyenne;modere;2;5;3;2;8;moyen;faible;haie, resistance froid, feuillage persistant
Genievre commun;Juniperus communis;Cupressaceae;local;1;3;1;2;arrondi;superficielles;tous types, sec, calcaire;basique;oui;excellente;-35;4;5;oui;moyen;moyen;non;oui;oui;non;non;non;oui;faible;non;non;jamais;faible;longue;faible;2;5;2.83;3.5;6;fort;faible;fruits (baies), resistance secheresse, biodiversite
Amelanchier;Amelanchier canadensis;Rosaceae;local;3;8;3;6;arrondi;superficielles;tous types, calcaire;acide;non;bonne;-35;3;3;oui;moyen;moyen;oui;oui;oui;oui;oui;non;oui;faible;non;non;jamais;faible;moyenne;faible;2;4.72;2.83;3.5;6;fort;faible;mellifere, fruits comestibles, biodiversite
Amelanchier a feuilles d'alism;Amelanchier alnifolia;Rosaceae;local;2;5;2;4;arrondi;superficielles;tous types, calcaire;acide;non;bonne;-30;3;3;oui;moyen;moyen;oui;oui;oui;oui;oui;non;oui;faible;non;non;jamais;faible;moyenne;faible;2;4.72;2.83;3.5;6;fort;faible;fruits comestibles, ornemental
Argousier;Hippophae rhamnoides;Elaeagnaceae;local;3;6;3;5;arrondi;superficielles;tous types;basique;oui;excellente;-35;5;5;oui;moyen;moyen;oui;oui;oui;non;non;non;oui;faible;non;non;reguliere;faible;moyenne;faible;2;5;2.83;3.5;6;fort;faible;fruits nutritifs, fixation azote, stabilisation sol
Bourdaine;Frangula alnus;Rhamnaceae;local;3;6;3;5;arrondi;superficielles;tous types, humide;acide;non;faible;-30;3;2;non;moyen;moyen;oui;oui;oui;oui;oui;non;oui;faible;non;non;jamais;faible;moyenne;faible;2;4.35;2.83;3.5;6;fort;faible;biodiversite, mellifere, habitat papillons
Buis commun;Buxus sempervirens;Buxaceae;local;1;3;1;2;arrondi;superficielles;tous types;basique;oui;excellente;-15;3;4;oui;moyen;moyen;oui;oui;oui;non;non;non;non;faible;non;non;reguliere;moderee;longue;modere;2;5;2.83;2.5;6;moyen;faible;haie, resistance ombre, longevite
Cotonaster;Cotoneaster horizontalis;Rosaceae;local;0.5;1;0.5;1;arrondi;superficielles;tous types, sec;neutre;oui;bonne;-30;3;3;oui;moyen;moyen;oui;oui;oui;oui;oui;non;oui;faible;non;non;reguliere;faible;moyenne;modere;2;4.72;2.83;3.5;6;fort;faible;fruits oiseaux, couvre-sol, biodiversite
Cotonaster de Franchet;Cotoneaster franchetii;Rosaceae;presque_local;1;3;1;2;arrondi;superficielles;tous types, sec;basique;oui;bonne;-15;3;5;oui;moyen;moyen;oui;oui;oui;oui;non;non;oui;faible;non;non;occasionnelle;faible;moyenne;faible;2;4.72;2.83;3.5;6;fort;faible;fruits oiseaux, haie, resistance secheresse
Cornouiller male;Cornus mas;Cornaceae;local;4;8;3;6;arrondi;superficielles;tous types, bien drainé;neutre;non;moyenne;-30;3;3;oui;moyen;moyen;oui;oui;oui;oui;non;non;oui;faible;non;non;jamais;faible;longue;faible;2;4.35;3;3.5;6;fort;faible;mellifere, ornemental, fleurs precoces
Cornouiller sanguin;Cornus sanguinea;Cornaceae;local;2;5;2;4;arrondi;superficielles;tous types, bien drainé;basique;oui;bonne;-30;3;3;oui;moyen;moyen;oui;oui;oui;non;oui;oui;oui;faible;non;non;jamais;faible;longue;faible;2;4.35;3;3.5;6;fort;faible;biodiversite, haie, couleurs automne
Cornouiller a fleurs;Cornus florida;Cornaceae;presque_local;5;10;4;8;arrondi;superficielles;tous types, bien drainé;neutre;non;moyenne;-25;3;3;oui;moyen;moyen;oui;oui;oui;oui;oui;non;oui;faible;non;non;jamais;moderee;moyenne;modere;2;3.52;3;3.5;6;fort;faible;ornemental, mellifere, biodiversite
Fusain d'Europe;Euonymus europaeus;Celastraceae;local;2;6;2;4;arrondi;superficielles;tous types;basique;oui;bonne;-25;3;3;oui;moyen;moyen;oui;oui;oui;non;oui;non;oui;faible;non;non;reguliere;faible;moyenne;modere;2;4.35;3;3.5;6;fort;faible;biodiversite, haie, fruits oiseaux
Houx commun;Ilex aquifolium;Aquifoliaceae;local;5;15;4;8;arrondi;superficielles;tous types;acide;non;moyenne;-20;3;3;oui;moyen;moyen;oui;oui;oui;non;non;non;oui;faible;non;non;jamais;faible;longue;faible;2;4.35;3;3.5;6;fort;faible;biodiversite, haie, feuillage persistant
Laurier du Caucase;Prunus laurocerasus;Rosaceae;presque_local;2;6;2;4;arrondi;superficielles;tous types, calcaire;neutre;oui;bonne;-20;3;4;oui;moyen;moyen;oui;oui;oui;oui;non;non;oui;faible;non;oui;reguliere;faible;longue;modere;2;3.52;3;2;8;moyen;faible;haie, feuillage persistant, resistance ombre
Laurier du Portugal;Prunus lusitanica;Rosaceae;presque_local;3;8;3;6;arrondi;superficielles;tous types, calcaire;basique;oui;bonne;-15;3;4;oui;moyen;moyen;oui;oui;oui;oui;non;non;oui;faible;non;oui;reguliere;faible;longue;modere;2;4.35;3;2;8;moyen;faible;haie, ornemental, resistance secheresse
Lilas commun;Syringa vulgaris;Oleaceae;presque_local;2;4;2;3;arrondi;superficielles;tous types;basique;oui;bonne;-30;3;3;oui;moyen;moyen;oui;oui;oui;oui;non;non;oui;moyen;non;non;reguliere;moderee;longue;modere;2;3.52;3;3.5;6;fort;moyen;mellifere, ornemental, parfum
Nerprun purgatif;Rhamnus cathartica;Rhamnaceae;local;2;5;2;4;arrondi;superficielles;tous types, calcaire;basique;oui;bonne;-30;3;3;oui;moyen;moyen;oui;oui;oui;non;non;non;oui;faible;non;non;jamais;faible;moyenne;faible;2;5;2.83;3.5;6;fort;faible;biodiversite, habitat papillons, haie
Noisetier commun;Corylus avellana;Betulaceae;local;3;6;3;5;arrondi;superficielles;tous types;neutre;non;moyenne;-30;3;3;oui;moyen;moyen;oui;oui;oui;non;oui;non;oui;fort;non;non;reguliere;moderee;moyenne;modere;2;4.35;3;3.5;6;fort;faible;fruits comestibles, mellifere, haie
Noisetier de Byzance;Corylus colurna;Betulaceae;presque_local;5;12;4;8;ovale;superficielles;tous types;neutre;non;moyenne;-20;3;4;oui;moyen;moyen;oui;oui;oui;non;oui;non;oui;faible;non;non;reguliere;moderee;moyenne;modere;2;3.33;3;2.5;6;fort;faible;fruits comestibles, ornemental
Porteron a feuilles de houblon;Pterocarya fraxinifolia;Adoxaceae;local;15;25;8;15;ovale;superficielles;tous types;basique;non;moyenne;-25;3;3;oui;moyen;moyen;oui;oui;oui;oui;non;non;oui;faible;non;non;jamais;faible;moyenne;faible;2;3.52;3;3.5;6;fort;faible;mellifere, biodiversite, haie
Pyracantha;Pyracantha coccinea;Rosaceae;presque_local;1;3;1;2;arrondi;superficielles;tous types;basique;oui;excellente;-15;4;5;oui;moyen;moyen;oui;oui;oui;oui;non;non;oui;faible;non;non;reguliere;moderee;moyenne;modere;2;4.72;2.83;3.5;6;fort;faible;fruits oiseaux, haie defensive, resistance secheresse
Sureau noir;Sambucus nigra;Adoxaceae;local;3;6;3;5;arrondi;superficielles;tous types, humide;neutre;non;moyenne;-30;3;3;oui;moyen;moyen;oui;oui;oui;oui;non;non;oui;faible;oui;oui;reguliere;faible;moyenne;faible;2;4.35;2.83;4.25;6;eleve;faible;fruits comestibles, medicinale, biodiversite
Viorne lantane;Viburnum lantana;Adoxaceae;local;2;4;2;3;arrondi;superficielles;tous types, calcaire;basique;oui;moyenne;-25;4;4;oui;moyen;moyen;oui;oui;oui;oui;oui;non;oui;faible;non;non;occasionnelle;faible;longue;faible;2;4.72;2.83;3.5;6;fort;faible;biodiversite, resistance secheresse, haie
Viorne obier;Viburnum opulus;Adoxaceae;local;3;5;3;4;arrondi;superficielles;frais, humide;neutre;non;moyenne;-30;3;3;oui;moyen;moyen;oui;oui;oui;oui;oui;non;oui;faible;non;non;occasionnelle;moderee;longue;modere;2;4.35;2.83;3.5;6;fort;faible;ornemental, biodiversite, resistance froid
Troene commun;Ligustrum vulgare;Oleaceae;local;2;4;2;3;arrondi;superficielles;tous types, calcaire;basique;oui;excellente;-15;3;4;oui;moyen;moyen;oui;oui;oui;oui;non;non;oui;moyen;non;non;reguliere;moderee;moyenne;modere;2;4.35;3;2;8;moyen;moyen;haie, resistance pollution, feuillage persistant
Chievrefeuille du Japon;Lonicera japonica;Caprifoliaceae;presque_local;1;3;1;2;arrondi;superficielles;tous types, sec;neutre;oui;bonne;-20;3;4;oui;moyen;moyen;oui;oui;oui;oui;non;non;oui;faible;non;non;reguliere;faible;moyenne;modere;2;4.35;2.83;3.5;6;fort;faible;mellifere, couvre-sol, parfum
Rosier sauvage;Rosa canina;Rosaceae;local;1;3;1;2;arrondi;superficielles;tous types, sec;basique;oui;bonne;-25;4;4;oui;moyen;moyen;oui;oui;oui;oui;non;non;oui;faible;oui;non;reguliere;moderee;moyenne;modere;2;5;2.83;3.5;6;fort;faible;biodiversite, fruits (cynorrhodons), haie
Eglantier;Rosa canina;Rosaceae;local;1;3;1;2;arrondi;superficielles;tous types, sec;basique;oui;excellente;-25;4;5;oui;moyen;moyen;oui;oui;oui;oui;non;non;oui;faible;oui;non;reguliere;moderee;moyenne;modere;2;5;2.83;3.5;6;fort;faible;biodiversite, fruits, resistance secheresse
Framboisier;Rubus idaeus;Rosaceae;local;1;2;1;2;arrondi;superficielles;tous types, acide;neutre;non;bonne;-25;3;3;oui;moyen;moyen;oui;oui;oui;oui;oui;non;oui;faible;oui;non;reguliere;moderee;courte;modere;2;4.35;2.83;2.5;6;moyen;faible;fruits comestibles, mellifere, couvre-sol
Groseillier a maquereaux;Ribes uva-crispa;Grossulariaceae;local;1;2;1;2;arrondi;superficielles;argileux, humide;neutre;non;faible;-30;3;2;non;moyen;moyen;oui;oui;oui;oui;oui;non;oui;faible;non;non;reguliere;moderee;moyenne;modere;2;3.52;2.83;2.5;6;moyen;faible;fruits comestibles, haie
Cassis;Ribes nigrum;Grossulariaceae;local;1;2;1;2;arrondi;superficielles;argileux, humide;neutre;non;moyenne;-30;3;2;non;moyen;moyen;oui;oui;oui;oui;oui;non;oui;faible;non;non;reguliere;moderee;moyenne;modere;2;3.52;2.83;2.5;6;moyen;faible;fruits comestibles, vitamine C, haie
Cytise;Cytisus scoparius;Fabaceae;local;1;3;1;2;arrondi;superficielles;pauvre, sec, calcaire;basique;oui;excellente;-15;3;5;oui;moyen;moyen;oui;oui;oui;oui;non;non;oui;faible;non;non;jamais;faible;moyenne;faible;2;4.35;2.83;3.5;6;fort;faible;ornemental, fleurs jaunes, resistance secheresse
Lavande;Lavandula angustifolia;Lamiaceae;local;0.3;0.8;0.3;0.8;arrondi;superficielles;tous types;basique;oui;excellente;-15;4;5;oui;moyen;moyen;oui;non;oui;oui;non;non;non;faible;non;non;reguliere;faible;moyenne;faible;2;5;2.83;3.5;6;fort;faible;mellifere, resistance secheresse, aromatique
