fiche_espece_disponible,classe_potentiel_essence,nom_latin,nom_vernaculaire,hauteur,dimension_du_houppier,port,debourrement,periode_de_floraison,periode_de_fructification,interet_mellifere,comestibilite,uicn___origine_geographique,resistance_au_gel_precoce,resistance_au_gel_tardif,approvisionnement,potentiel_invasif,gradient_ph,gradient_hydrique,tolerance_a_l_engorgement,type_de_feuille,qualite_d_ombrage,resistance_au_feu,inflammabilite_et_combustibilite,persistance_des_feuilles,chute_des_feuilles,interets_esthetique_particuliers_fleurs,interets_esthetique_particuliers_feuilles,interets_esthetique_particuliers_fruits,interets_esthetique_particuliers_ecorce,caracteristiques_genantes_epines,caracteristiques_genantes_drageons,caracteristiques_genantes_toxicite,caracteristiques_genantes_fruits_genants,racines_affleurantes_pouvant_soulever_les_revetements,pouvant_etre_utilisee_production_sylvicole,unknown
Oui,1,"Abies alba","Sapin pectiné","H>20 m",/,Conique,Tardif,Mai,"Avril à Mai","Aucun intérêt mellifère",Non,"Préoccupation mineure (LC)",/,Non,Facile,"Aucun potentiel invasif identifié à ce jour",Indifférente,"Xérophile à Mésophile",/,Aiguille,Dense,/,/,PERSISTANT,/,NON,OUI,OUI,OUI,NON,/,NON,NON,/,OUI,
Non,4,"Abies bornmuelleriana","Sapin de Bornmuller","H>30 m","3 à 5 m",Conique,/,/,/,"Aucun intérêt mellifère",/,"Turquie ",/,/,Difficile,"Aucun potentiel invasif identifié à ce jour","Acidiphile à Acidicline","Xérophile à Mésophile",/,Aiguille,Dense,/,/,/,/,/,/,/,/,/,/,/,/,/,/,
Oui,2,"Abies concolor","Sapin du Colorado","H>20 m","7 à 12 m",Conique,Précoce,Mai,Automne,Aucun,/,"Amérique du Nord",Oui,Oui,"Assez facile","Aucun potentiel invasif identifié à ce jour","Calcaricole à Acidicline","Xérophile à Mésophile",Non,Aiguille,Dense,/,/,PERSISTANT,/,NON,OUI,OUI,/,NON,NON,/,NON,/,OUI,
Non,2,"Abies koreana","Sapin de Corée","H<10 m","4 m",Conique,Précoce,/,Automne,"Aucun intérêt mellifère",/,Corée,Oui,/,Difficile,"Aucun potentiel invasif identifié à ce jour",Indifférente,Mésophile,Non,Aiguille,Dense,/,/,PERSISTANT,/,NON,OUI,OUI,OUI,NON,/,NON,NON,/,OUI,
Oui,2,"Abies nordmanniana","Sapin du Caucase","H>30 m","H<10 m",Conique,Tardif,"Août à Septembre",Automne,"Aucun intérêt mellifère",/,"Caucase, Turquie",Oui,Oui,Facile,"Aucun potentiel invasif identifié à ce jour","Calcaricole à Acidicline","Xérophile à Mésophile",Non,Aiguille,Dense,/,/,/,/,/,/,/,/,/,/,/,/,/,/,
Non,4,"Abies numidica","Sapin d'Algérie","H>20 m","H<10 m",Conique,/,/,/,"Aucun intérêt mellifère",/,"Nord de l'Algérie",Non,Non,Difficile,"Aucun potentiel invasif identifié à ce jour",Calcaricole,"Xérophile à Mésophile",Non,Aiguille,Dense,/,/,/,/,/,/,/,/,/,/,/,/,/,/,
Oui,3,"Abies pinsapo","Sapin d'Espagne","H>20 m","6 m",Elancé,/,Juin,Printemps,"Aucun intérêt mellifère",/,"Espagne - Nord Maroc",Oui,/,Facile,"Aucun potentiel invasif identifié à ce jour",Calcaricole,"Xérophile à Mésophile",Non,Aiguille,Dense,/,/,PERSISTANT,/,NON,OUI,OUI,OUI,NON,/,NON,NON,/,OUI,
Non,3,"Acer buergeranium","Erable trident","10<H<15 m","6 m",Ovoïde,/,Mai,Août,Mellifère,/,Chine,Oui,Oui,Difficile,"Aucun potentiel invasif identifié à ce jour",Acidicline,Xérophile,Non,Simple,Dense,/,/,CADUC,/,/,OUI,NON,/,NON,/,NON,NON,/,/,
Oui,2,"Acer campestre","Erable champêtre","10<H<15 m","5 à 15 m",Ovoïde,Précoce,"Avril à Mai","Août à Septembre","Très mellifère",/,/,Oui,Oui,Facile,"Aucun potentiel invasif identifié à ce jour",Calcaricole,Mésophile,"Courtes inondations",Simple,/,/,/,CADUC,/,/,OUI,/,/,NON,/,/,/,/,OUI,
Non,2,"Acer capillipes","Erable à peau de serpent jaspé de rouge","H<10 m","5 m",Etalé,/,Mai,/,Mellifère,/,Japon,/,Oui,"Assez facile","Aucun potentiel invasif identifié à ce jour",Acidicline,Mésophile,/,Simple,/,/,/,CADUC,/,OUI,OUI,NON,OUI,NON,/,NON,NON,MOYENNE,/,
Non,3,"Acer cappadocicum","Erable de Cappadoce","15<H<20 m","6 à 9 m",Ovoïde,/,"Mai à Juin",/,Mellifère,/,Caucase,Oui,Oui,Difficile,"Aucun potentiel invasif identifié à ce jour",Indifférente,Mésophile,/,Simple,Dense,/,/,CADUC,/,OUI,OUI,NON,OUI,NON,OUI,NON,NON,OUI,/,
Non,4,"Acer cappadocicum subsp. lobelii","Erable d'Italie","10<H<15 m","H<10 m",Elancé,/,Avril,Automne,"Très mellifère",/,"Nord de l'Europe",/,/,Difficile,"Aucun potentiel invasif identifié à ce jour",/,Mésophile,/,Simple,Léger,/,/,/,/,/,/,/,/,/,/,/,/,/,/,
Non,3,"Acer griseum","Erable à écorce de papier","H<10 m","H<10 m",Ovoïde,Tardif,Mai,Juin,Mellifère,/,Chine,Oui,Oui,"Assez facile","Aucun potentiel invasif identifié à ce jour",Acidicline,Mésophile,/,Composée,Léger,/,/,CADUC,/,OUI,OUI,NON,OUI,NON,/,NON,NON,/,/,
Non,4,"Acer heldreichii","Erable des Balkans","10<H<15 m",/,Ovoïde,/,"Mai à Juin",Octobre,Mellifère,/,"Europe de l'Est / Asie",/,/,"Assez facile","Aucun potentiel invasif identifié à ce jour",/,/,/,Simple,/,/,/,CADUC,/,OUI,OUI,NON,OUI,NON,NON,/,NON,/,/,
Non,5,"Acer hyrcanum","Erable des Balkans","10<H<15 m","H<10 m",Etalé,Précoce,"Mars à Avril","Septembre à Octobre",Mellifère,/,"Turquie, Liban, Iran",/,/,Difficile,"Aucun potentiel invasif identifié à ce jour",Indifférente,"Xérophile à Mésophile",/,Simple,/,/,/,CADUC,/,OUI,OUI,NON,OUI,NON,/,/,NON,/,/,
Oui,3,"Acer monspessulanum ","Erable de Montpellier","10<H<15 m","4 à 9 m",Ovoïde,Précoce,"Avril à Mai",Automne,Mellifère,/,"Préoccupation mineure (LC)",Oui,Oui,"Assez facile","Aucun potentiel invasif identifié à ce jour",Calcaricole,Xérophile,Non,Simple,Léger,/,/,CADUC,TARDIVE,NON,OUI,NON,OUI,NON,/,NON,NON,NON,OUI,
Non,4,"Acer obtusifolium","Erable de Syrie","H<10 m","H<10 m",Globuleux,/,Mars,Automne,Mellifère,/,"Syrie, Liban, Israel, Chypre",/,/,Difficile,"Aucun potentiel invasif identifié à ce jour",Acidicline,/,/,Simple,Dense,/,/,/,/,/,/,/,/,/,/,/,/,/,/,
Oui,3,"Acer opalus","Erable à feuilles d'obier","H<10 m","5 à 10 m",Ovoïde,Précoce,Avril,/,Mellifère,/,"Préoccupation mineure (LC)",/,Non,Difficile,"Aucun potentiel invasif identifié à ce jour",Calcaricole,"Xérophile à Mésophile",/,Simple,Dense,/,/,CADUC,/,OUI,OUI,NON,/,NON,/,NON,NON,/,OUI,
Oui,1,"Acer platanoides","Erable plane","H>20 m","15 à 20 m",Ovoïde,Précoce,"Avril à Mai",Juin,"Très mellifère",/,/,Oui,Oui,Facile,"Aucun potentiel invasif identifié à ce jour",Calcaricole,Mésophile,Non,Simple,Dense,/,/,CADUC,/,/,OUI,/,/,NON,/,/,/,MOYENNE,OUI,
Oui,1,"Acer pseudoplatanus","Erable sycomore","15<H<20 m","15 à 20 m",Ovoïde,/,"Mai à Juin",Juin,Mellifère,/,"Préoccupation mineure (LC)",Oui,Oui,Facile,"Aucun potentiel invasif identifié à ce jour",Acidicline,Mésophile,Non,Simple,Dense,/,/,CADUC,/,OUI,OUI,NON,OUI,NON,/,NON,OUI,FORTE,OUI,
Oui,2,"Acer rubrum","Erable rouge","H>20 m","7 à 9 m",Ovoïde,Précoce,Mars,Juin,Mellifère,/,/,/,/,Difficile,"Aucun potentiel invasif identifié à ce jour",/,/,Oui,Simple,/,/,/,CADUC,PRECOCE,/,OUI,/,/,NON,/,/,/,/,/,
Oui,2,"Acer saccharinum","Erable argenté","H>20 m","12 à 20 m",Ovoïde,/,Mars,Juin,/,/,/,Oui,Oui,Facile,"Aucun potentiel invasif identifié à ce jour",/,/,Oui,Simple,Léger,/,/,CADUC,/,/,OUI,/,/,NON,/,/,/,/,/,
Oui,2,"Acer tataricum","Erable de Tartarie","H<10 m",/,Ovoïde,Précoce,"Avril à Mai",/,Mellifère,/,"Europe de l'Est / Asie",Oui,Oui,"Assez facile","Aucun potentiel invasif identifié à ce jour",Calcaricole,Mésophile,/,Simple,Dense,/,/,CADUC,TARDIVE,OUI,OUI,OUI,OUI,NON,/,NON,NON,/,/,
Non,2,"Acer tataricum subsp ginnala","Erable du fleuve Amour","5<H<10 m","5 à 10 m",Etalé,/,Mai,Août,Mellifère,/,"Chine, Japon",Oui,Oui,Facile,"Aucun potentiel invasif identifié à ce jour",Acidiphile,Xérophile,/,Simple,Léger,/,/,CADUC,/,OUI,OUI,OUI,OUI,NON,/,NON,NON,NON,/,
Non,3,"Acer X peronae","Erable hybride Monspessulanum x opalus",/,/,/,/,/,/,/,/,/,/,/,Difficile,"Aucun potentiel invasif identifié à ce jour",Calcaricole,"Xérophile à Mésophile",/,Simple,Léger,/,/,/,/,/,/,/,/,/,/,/,/,/,/,
Non,3,"Acer X zoeschense","Erable hybride Campestre X Cappadocicum","H<10 m","H<10 m",Globuleux,/,Mai,Automne,Mellifère,/,Allemagne,/,/,Difficile,"Aucun potentiel invasif identifié à ce jour","Calcaricole à Acidicline",Indifférente,Oui,Simple,Léger,/,/,/,/,/,/,/,/,/,/,/,/,/,/,
Non,4,"Aesculus flava","Pavier aune","10<H<15 m","10<H<15 m","Conique à Etalé",Précoce,Mai,/,"Très mellifère","Non - fruits toxiques","Amérique du Nord",/,/,"Assez facile","Aucun potentiel invasif identifié à ce jour",Indifférente,Indifférente,"Courtes inondations",Composée,Dense,/,/,/,/,/,/,/,/,/,/,/,/,/,/,
Oui,1,"Aesculus hippocastanum","Marronnier d'Inde","H>20 m","15 à 25 m",Ovoïde,Précoce,"Avril à Mai","Septembre à Octobre","Très mellifère",Non,/,Oui,Oui,Facile,"Aucun potentiel invasif identifié à ce jour",Indifférente,Mésophile,/,Composée,Dense,/,/,CADUC,PRECOCE,OUI,OUI,OUI,NON,OUI,/,NON,OUI,/,OUI,
Non,4,"Aesculus indica","Marronnier d'Inde (vrai)","10<H<15 m","H<10 m",Ovoïde,/,Juin,Automne,"Très mellifère",/,"Inde, Pakistan, Népal",/,/,"Assez facile","Aucun potentiel invasif identifié à ce jour",Indifférente,Mésophile,/,Composée,Dense,/,/,/,/,/,/,/,/,/,/,/,/,/,/,
Non,2,"Aesculus X carnea","Maronnier hybride rouge","15<H<20 m","10<H<15 m",Ovoïde,/,"Mai à Juin",Automne,Mellifère,/,Allemagne,/,/,"Assez facile","Aucun potentiel invasif identifié à ce jour",Indifférente,Mésophile,/,Simple,Dense,/,/,/,/,/,/,/,/,/,/,/,/,/,/,
Non,5,"Agonis flexuosa",/,"H<10 m","3 à 5 m",Pleureur,/,"Mai à Juin",/,"Très mellifère",/,"Australie occidentale",Non,Non,"Assez facile","Aucun potentiel invasif identifié à ce jour","Acidiphile à Acidicline",Mésophile,/,Simple,Dense,/,/,/,/,/,/,/,/,/,/,/,/,/,/,
Oui,2,"Alniaria alnifolia","Sorbier coréen","10<H<20 m",/,Elancé,/,/,Automne,Mellifère,/,Corée,/,/,Difficile,"Aucun potentiel invasif identifié à ce jour",/,/,/,Simple,Dense,/,/,CADUC,/,OUI,OUI,OUI,OUI,NON,/,/,/,/,/,
Oui,3,"Alnus cordata","Aulne à feuilles en cœur","15<H<20 m","5 à 8 m",Conique,/,Février,"Septembre  ",/,/,/,Oui,Oui,Facile,"Aucun potentiel invasif identifié à ce jour",Calcaricole,Hygrophile,Oui,Simple,/,/,/,CADUC,TARDIVE,/,OUI,OUI,OUI,NON,/,/,/,/,OUI,
Oui,1,"Alnus glutinosa","Aulne glutineux","H>20 m","8 à 12 m",Conique,/,"Mars à Avril","Septembre  ","Très mellifère",/,"Préoccupation mineure (LC)",Oui,Oui,Facile,"Aucun potentiel invasif identifié à ce jour",Indifférente,Hygrophile,Oui,Simple,/,/,/,CADUC,/,/,OUI,OUI,OUI,NON,/,/,/,/,OUI,
Oui,1,"Alnus incana","Aulne blanc","10<H<15 m","4 à 8 m",Conique,/,"Mars à Avril","Septembre  ","Aucun intérêt mellifère",/,"Préoccupation mineure (LC)",Oui,Oui,"Assez facile","Aucun potentiel invasif identifié à ce jour",Indifférente,Indifférente,Oui,Simple,Dense,/,/,CADUC,/,NON,OUI,OUI,NON,NON,OUI,NON,OUI,/,/,
Non,3,"Alnus spaethii",/,"15<H<20 m","7 à 8 m",Conique,/,"Janvier à Février","Septembre  ",/,/,/,/,/,Difficile,"Aucun potentiel invasif identifié à ce jour",Indifférente,Mésophile,"Courtes inondations",Simple,Léger,/,/,CADUC,TARDIVE,OUI,OUI,/,/,NON,/,/,/,/,/,
Oui,1,"Amelanchier alnifolia","Amélanchier à feuilles d'aulne","H<10 m","2 m",Conique,/,"Avril à Mai",Juin,"Très mellifère","Oui - fruits","Amérique du Nord",/,/,"Assez facile","Aucun potentiel invasif identifié à ce jour",Indifférente,"Xérophile à Mésophile","Courtes inondations",Simple,/,/,/,CADUC,/,OUI,OUI,OUI,OUI,NON,/,NON,OUI,/,/,
Non,2,"Amelanchier canadensis","Amélanchier du Canada","5 m","3 m",Fastigié,/,"Avril à Mai",Juin,"Très mellifère","Oui - fruits","Amérique du Nord",Oui,Oui,Facile,"Aucun potentiel invasif identifié à ce jour",Acidicline,Mésophile,/,Simple,Dense,/,/,CADUC,/,OUI,OUI,OUI,OUI,NON,OUI,NON,OUI,/,/,
Non,2,"Amelanchier laevis","Amélanchier lisse","H<10 m","3 à 5 m",Globuleux,Précoce,"Avril à Mai","Juillet à Août","Très mellifère","Oui - fruits","Amérique du Nord",/,Oui,Difficile,"Aucun potentiel invasif identifié à ce jour",Acidicline,Mésophile,/,Simple,/,/,/,CADUC,/,OUI,OUI,OUI,NON,NON,/,NON,OUI,/,/,
Oui,3,"Amelanchier ovalis","Amélanchier à feuilles ovales","H<10 m","2 à 4 m",Globuleux,/,"Avril à Mai","Juillet à Août","Très mellifère","Oui - fruits","Préoccupation mineure (LC)",/,/,"Assez facile","Aucun potentiel invasif identifié à ce jour",Calcaricole,"Xérophile à Mésophile",/,Simple,Dense,/,/,CADUC,/,OUI,OUI,OUI,NON,NON,OUI,NON,OUI,/,/,
Non,4,"Arbutus andrachne","Arbousier de Chypre","H<10 m"," 5 m",Etalé,Précoce,"Janvier à Mars",Automne,Mellifère,"Oui - fruits","Bassin méditerranéen",Non,Oui,"Assez facile","Aucun potentiel invasif identifié à ce jour",Calcaricole,Xérophile,/,Simple,Dense,/,/,PERSISTANT,/,OUI,OUI,OUI,OUI,NON,/,NON,OUI,NON,/,
Oui,2,"Arbutus unedo","Arbousier commun","H<10 m"," 5 m",Globuleux,/,"Septembre à Janvier",Automne,Mellifère,"Oui - fruits","Préoccupation mineure (LC)",Non,Non,"Assez facile","Aucun potentiel invasif identifié à ce jour",Acidiphile,"Xérophile à Mésophile",/,Simple,Dense,/,/,PERSISTANT,/,OUI,OUI,OUI,OUI,NON,/,NON,OUI,/,/,
Non,5,"Banksia integrifolia","Banksia côtier","H<10 m"," 5 m",Etalé,/,"Mars à Juin",Eté,Mellifère,/,Australie,Non,Non,Difficile,"Aucun potentiel invasif identifié à ce jour",Indifférente,Indifférente,/,Simple,Dense,/,/,PERSISTANT,/,OUI,/,OUI,/,NON,/,/,/,/,/,
Non,5,"Bauhinia variegata","Arbre à fleurs d'orchidées","H<10 m","3 à 5 m",Etalé,/,"Juillet à Septembre",/,"Très mellifère",Oui,"Chine, Inde",Non,Non,Difficile,"Aucun potentiel invasif identifié à ce jour",/,Mésophile,/,Simple,Léger,/,/,/,/,/,/,/,/,/,/,/,/,/,/,
Oui,1,"Betula pendula","Bouleau verruqueux","10<H<15 m","7 à 12 m",Elancé,Précoce,"Avril à Mai",/,"Aucun intérêt mellifère","Oui - sève","Préoccupation mineure (LC)",Oui,Oui,Facile,"Aucun potentiel invasif identifié à ce jour",Indifférente,"Xérophile à Mésophile",/,Simple,Léger,POSSIBLE,"POSSIBLEMENT FAIBLE",CADUC,/,NON,OUI,NON,OUI,NON,/,NON,NON,MOYENNE,OUI,
Oui,1,"Betula pubescens","Bouleau pubescent","10<H<15 m","8 à 12 m",Elancé,Précoce,"Avril à Mai",/,"Aucun intérêt mellifère","Oui - sève","Préoccupation mineure (LC)",Oui,Oui,Difficile,"Aucun potentiel invasif identifié à ce jour",Acidiphile,"Hygrophile à Mésophile",Oui,Simple,Léger,/,/,CADUC,/,NON,OUI,NON,OUI,NON,/,NON,NON,/,OUI,
Non,1,"Betula utilis","Bouleau de l'Himalaya","10<H<15 m","5 à 7 m",Conique,Précoce,Avril,"Septembre à Octobre","Aucun intérêt mellifère",/,Himalaya,Oui,Oui,Facile,"Aucun potentiel invasif identifié à ce jour",Acidiphile,Indifférente,Oui,Simple,Léger,/,/,CADUC,/,NON,OUI,/,OUI,NON,/,/,NON,/,/,
Non,4,"Brachychiton acerifolius","Arbre de flamme","H<20 m","H<10 m",Globuleux,/,"Juin à Juillet",Automne,"Très mellifère",/,"Australie occidentale",/,/,"Assez facile","Aucun potentiel invasif identifié à ce jour","Acidiphile à Acidicline","Xérophile à Mésophile",/,Simple,Léger,/,/,/,/,/,/,/,/,/,/,/,/,/,/,
Oui,3,"Broussonetia papyriferaR","Mûrier à papier","10<H<15 m","6 m",Ovoïde,/,Mai,Août,Mellifère,"Oui - fruits","Chine, Japon",Oui,/,Difficile,"Aucun potentiel invasif identifié à ce jour",Indifférente,Mésophile,/,Simple,Dense,/,/,CADUC,/,NON,OUI,OUI,NON,NON,OUI,NON,/,/,/,
Oui,3,"Buddleja globosa","Buddléia globuleux","3 à 5 m","2 à 4 m",Globuleux,/,"Juin à Juillet",/,"Très mellifère",/,"Amérique du Sud",Non,Non,Difficile,"Aucun potentiel invasif identifié à ce jour","Acidiphile à Acidicline",Mésophile,/,Simple,Dense,/,/,/,/,/,/,/,/,/,/,/,/,/,/,
Oui,2,"Calocedrus deccurens","Calocèdre panaché","H>20 m","8 à 10 m",Elancé,/,Avril,Septembre,"Aucun intérêt mellifère",/,"Amérique du Nord",Oui,Oui,Facile,"Aucun potentiel invasif identifié à ce jour",Calcaricole,Mésophile,/,Ecaille,Dense,/,/,PERSISTANT,/,NON,OUI,OUI,OUI,NON,NON,NON,NON,/,OUI,
Oui,1,"Carpinus betulus","Charme commun","H>20 m","6 à 8 m","Conique à Ovoïde",/,"Avril à Mai",Septembre,/,/,"Préoccupation mineure (LC)",Oui,Oui,Facile,"Aucun potentiel invasif identifié à ce jour",Indifférente,Mésophile,"Courtes inondations",Simple,Dense,/,/,MARCESCENT,TARDIVE,/,/,/,/,NON,/,/,/,/,OUI,
Non,3,"Carpinus orientalis","Charme d'Orient","H<10 m","H<10 m",Globuleux,/,Avril,Automne,"Aucun intérêt mellifère",/,"Asie mineure",/,/,Difficile,"Aucun potentiel invasif identifié à ce jour",Indifférente,Indifférente,Oui,Simple,Léger,/,/,CADUC,/,NON,/,/,/,NON,/,/,NON,/,/,
Non,4,"Carpinus turczaninowii","Charme de Corée","10<H<15 m","H<10 m",Ovoïde,/,Avril,/,"Aucun intérêt mellifère",/,"Chine, Corée, Japon",/,/,Difficile,"Aucun potentiel invasif identifié à ce jour",Acidicline,Mésophile,/,Simple,Léger,/,/,CADUC,/,NON,OUI,/,/,NON,/,/,NON,NON,/,
Oui,3,"Carya cordiformis","Carya amer","H>20 m","H<10 m",Ovoïde,/,Mai,Automne,Mellifère,/,"Amérique du Nord",/,/,"Assez facile","Aucun potentiel invasif identifié à ce jour",Acidicline,Mésophile,/,Composée,Léger,/,/,/,/,/,/,/,/,/,/,/,/,/,/,
Oui,3,"Carya illinoinensis",Pécanier,"H>20 m","10 m",Etalé,/,"Mars à Mai","Eté à Automne","Aucun intérêt mellifère","Oui - fruits","Amérique du Nord",Oui,/,"Assez facile","Aucun potentiel invasif identifié à ce jour",Acidiphile,Mésophile,/,Composée,Dense,/,/,CADUC,/,NON,OUI,OUI,OUI,NON,/,NON,OUI,/,/,
Oui,3,"Carya ovata","Noyer blanc d'Amérique","10<H<15 m","2 m",Etalé,Précoce,Mai,Automne,Mellifère,"Oui - fruits",/,Oui,/,Facile,"Aucun potentiel invasif identifié à ce jour",/,Mésophile,/,Composée,Dense,/,/,CADUC,/,NON,OUI,OUI,OUI,NON,/,NON,OUI,/,OUI,
Non,3,"Carya tomentosa","Carya tomenteux","H>20 m","H<10 m",Ovoïde,/,Avril,"Septembre à Octobre",Mellifère,/,"Amérique du Nord",/,/,Difficile,"Aucun potentiel invasif identifié à ce jour","Acidiphile à Acidicline",Xérophile,/,Composée,Léger,/,/,/,/,/,/,/,/,/,/,/,/,/,/,
Oui,2,"Castanea sativa",Châtaignier,"15<H<20 m","H<15 m",Ovoïde,Tardif,"Juin à Juillet",Octobre,"Très mellifère","Oui - fruits","Préoccupation mineure (LC)",Non,Non,Facile,"Aucun potentiel invasif identifié à ce jour",Acidiphile,Mésophile,Non,Simple,Dense,/,/,CADUC,/,OUI,OUI,OUI,OUI,OUI,/,NON,OUI,NON,OUI,
Non,4,"Casuarina cunninghamiana","Pin australien, filao","H>20 m","10 m",Conique,/,"Avril à Mai et Septembre",/,"Aucun intérêt mellifère",/,Australie,/,/,Difficile,"Aucun potentiel invasif identifié à ce jour",Acidicline,"Xérophile à Mésophile",/,Aiguille,Dense,/,/,PERSISTANT,/,OUI,OUI,OUI,OUI,NON,/,NON,OUI,/,OUI,
Oui,2,"Catalpa bignonioides","Catalpa commun","10<H<15 m",/,Etalé,Tardif,"Juin à Juillet",Août,"Très mellifère",/,"Amérique du Nord",Oui,Oui,Facile,"Aucun potentiel invasif identifié à ce jour",/,Mésophile,"Courtes inondations",Simple,/,/,/,CADUC,PRECOCE,OUI,/,OUI,/,NON,/,/,/,/,/,
Non,1,"Catalpa bungei","Catalpa boule","H<10 m","4 m",Globuleux,/,"Juin à Juillet",/,Mellifère,/,/,/,/,"Assez facile","Aucun potentiel invasif identifié à ce jour",Calcaricole,/,/,Simple,Léger,/,/,CADUC,/,OUI,OUI,NON,OUI,NON,/,/,/,/,/,
Oui,3,"Catalpa speciosa","Bois Chavanon","H>20 m","H<10 m",Elancé,Tardif,Mai,Automne,Mellifère,/,"Amérique du Nord",/,/,"Assez facile","Aucun potentiel invasif identifié à ce jour","Acidiphile à Acidicline","Hygrophile à Mésophile",Oui,Simple,Dense,/,/,/,/,/,/,/,/,/,/,/,/,/,/,
Non,4,"Cedrela sinensis","Cédrèle de Chine","10<H<15 m","6 m",Ovoïde,Tardif,Juin,/,Mellifère,/,Chine,Oui,Non,Difficile,"Aucun potentiel invasif identifié à ce jour",Indifférente,Mésophile,/,Composée,Léger,/,/,CADUC,/,/,OUI,NON,OUI,NON,/,/,/,/,/,
Oui,2,"Cedrus atlantica","Cèdre de l'Atlas","H>20 m","10 à 15 m","Conique jeune",/,Septembre,Mars,"Aucun intérêt mellifère",/,/,/,Oui,Facile,"Aucun potentiel invasif identifié à ce jour",Indifférente,"Xérophile à Mésophile",/,Aiguille,Dense,/,/,PERSISTANT,/,NON,OUI,OUI,OUI,NON,/,/,/,MOYENNE,OUI,
Oui,3,"Cedrus deodara","Cèdre de l'Himalaya","H>20 m","10 à 15 m","Conique jeune",Précoce,Septembre,/,"Aucun intérêt mellifère",/,Himalaya,Oui,Non,Facile,"Aucun potentiel invasif identifié à ce jour",Acidicline,Mésophile,/,Aiguille,Dense,/,/,PERSISTANT,/,NON,OUI,OUI,OUI,NON,/,/,/,/,OUI,
Non,3,"Cedrus libani","Cèdre du Liban","H>20 m","20 m",Etalé,/,Septembre,/,"Aucun intérêt mellifère",/,Mont-Liban,Oui,Non,Difficile,"Aucun potentiel invasif identifié à ce jour",Acidicline,Mésophile,/,Aiguille,Dense,/,/,PERSISTANT,/,NON,OUI,OUI,OUI,NON,/,NON,/,/,OUI,
Oui,3,"Celtis australis","Micocoulier de Provence","15<H<20 m","6 à 8 m",Ovoïde,/,"Avril à Mai",Automne,Mellifère,"Oui - fruits","Préoccupation mineure (LC)",Oui,Oui,Facile,"Aucun potentiel invasif identifié à ce jour",Calcaricole,Xérophile,/,Simple,/,/,/,CADUC,/,/,/,OUI,OUI,NON,/,/,/,/,/,
Non,4,"Celtis bungeana","Micocoulier de Bunge","10<H<15 m","H<10 m",Ovoïde,/,Avril,/,Mellifère,/,"Chine, Corée",/,/,"Assez facile","Aucun potentiel invasif identifié à ce jour","Acidiphile à Acidicline",Xérophile,/,Simple,Léger,/,/,/,/,/,/,/,/,/,/,/,/,/,/,
Non,4,"Celtis caucasica","Micocoulier du Caucase","10<H<15 m","H<10 m",Globuleux,/,Avril,/,Mellifère,/,Caucase,/,/,Difficile,"Aucun potentiel invasif identifié à ce jour",Indifférente,Mésophile,/,Simple,Dense,/,/,CADUC,/,NON,OUI,OUI,OUI,NON,/,/,/,/,/,
Non,4,"Celtis julianae","Micocoulier de Julian","15<H<20 m","15 m",Ovoïde,/,"Avril à Mai",Automne,"Aucun intérêt mellifère","Oui - fruits",/,Oui,Oui,"Assez facile","Aucun potentiel invasif identifié à ce jour",Indifférente,Mésophile,/,Simple,Dense,/,/,CADUC,/,NON,NON,NON,OUI,NON,/,NON,NON,NON,/,
Oui,2,"Celtis occidentalis","Micocoulier de Virginie","10<H<15 m","6 à 8 m",Ovoïde,/,"Avril à Mai",Automne,Mellifère,"Oui - fruits","Amérique du Nord",Oui,Oui,Facile,"Aucun potentiel invasif identifié à ce jour",Indifférente,Mésophile,Oui,Simple,/,/,/,CADUC,/,OUI,/,OUI,OUI,NON,/,/,/,/,/,
Oui,2,"Celtis sinensis","Micocoulier de Chine","15<H<20 m",/,Ovoïde,/,"Avril à Mai","Septembre à Octobre",/,"Oui - fruits",/,/,/,Facile,"Aucun potentiel invasif identifié à ce jour",Indifférente,Xérophile,/,Simple,/,/,/,CADUC,/,/,/,/,/,NON,/,/,/,/,/,
Non,2,"Cercidiphyllum japonicum","Arbre à caramel","10<H<15 m","< 10 m",Etalé,Précoce,"Mars à Avril",/,/,/,Japon,Oui,Non,"Assez facile","Aucun potentiel invasif identifié à ce jour",Acidicline,Mésophile,/,Simple,/,/,/,CADUC,/,OUI,OUI,/,/,NON,NON,NON,NON,MOYENNE,/,
Oui,3,"Cercis canadensis","Gainier du Canada","H<10 m","H<10 m",Ovoïde,/,"Mars à Avril",Automne,"Très mellifère",/,"Amérique du Nord",Non,/,Facile,"Aucun potentiel invasif identifié à ce jour","Acidiphile à Acidicline",Xérophile,/,Simple,Léger,/,/,/,/,/,/,/,/,/,/,/,/,/,/,
Non,4,"Chionanthus retusus","Arbre à franges de Chine","5<H<10 m",/,Ovoïde,/,Mai,"Septembre ",Mellifère,/,"Chine, Corée, Japon",/,/,Facile,"Aucun potentiel invasif identifié à ce jour",/,/,/,Simple,/,/,/,CADUC,/,OUI,/,/,/,NON,/,/,/,/,/,
Oui,4,"Chionanthus virginicus ","Arbre de neige","H<10 m","5 m",Etalé,Tardif,Juin,/,Mellifère,/,/,Non,Non,"Assez facile","Aucun potentiel invasif identifié à ce jour",Acidicline,Indifférente,Oui,Simple,Dense,/,/,CADUC,TARDIVE,OUI,OUI,NON,OUI,NON,/,/,NON,MOYENNE,/,
Non,4,"Chitalpa tashkentensis","Chitalpa de Tashkent","H<10 m","5 m",Etalé,/,"Mai à Septembre",Stérile,"Très mellifère",/,"Amérique du Nord",Non,Non,"Assez facile","Aucun potentiel invasif identifié à ce jour",Calcaricole,Mésophile,/,Simple,Léger,/,/,CADUC,/,OUI,OUI,NON,OUI,NON,/,NON,NON,/,OUI,
Non,4,"Cinnamomum camphora",Camphrier,"H<10 m","4 m",Etalé,/,"Avril à Mai",Eté,Mellifère,/,"Asie du Sud",Oui,/,Difficile,"Aucun potentiel invasif identifié à ce jour","Acidiphile à Acidicline",Mésophile,/,Simple,Dense,/,/,PERSISTANT,TARDIVE,OUI,OUI,OUI,OUI,NON,/,NON,/,/,OUI,
Non,4,"Citrus trifoliata","Citronnier épineux","H<10 m","3 à 5 m",Ovoïde,/,Avril,Automne,"Très mellifère",Oui,"Corée, Chine",/,/,"Assez facile","Aucun potentiel invasif identifié à ce jour",Indifférente,Mésophile,Non,Composée,Léger,/,/,/,/,/,/,/,/,/,/,/,/,/,/,
Non,4,"Cladastris kentukea","Virgilier jaune","8 à 15 m","10 à 15 m",Etalé,Tardif,"Mai à Juin",/,Mellifère,/,"Amérique du Nord",Oui,Oui,Facile,"Aucun potentiel invasif identifié à ce jour",Indifférente,Mésophile,/,Composée,Léger,/,/,CADUC,/,OUI,OUI,NON,NON,NON,/,NON,/,/,NON,
Oui,1,"Cornus controversa","Cornouiller tabulaire","10<H<15 m","H<15 m",Etalé,Précoce,Mai,"Août à Septembre",Mellifère,/,"Corée, Japon",/,/,"Assez facile","Aucun potentiel invasif identifié à ce jour",Acidicline,Mésophile,/,Simple,Dense,/,/,CADUC,/,OUI,OUI,OUI,NON,NON,/,OUI,/,OUI,/,
Oui,2,"Cornus mas","Cornouiller mâle","H<10 m","4 à 8 m",Globuleux,/,"Mars à Avril",Septembre,Mellifère,"Oui - fruits","Préoccupation mineure (LC)",Oui,Oui,Facile,"Aucun potentiel invasif identifié à ce jour",Calcaricole,"Xérophile à Mésophile",/,Simple,/,/,/,CADUC,/,OUI,OUI,OUI,OUI,NON,OUI,NON,/,/,OUI,
Oui,2,"Corylus avellana","Noisetier commun","H<10 m","5 à 7 m",Ovoïde,Précoce,"Janvier à Mars","Août à Septembre",Mellifère,"Oui - fruits","Préoccupation mineure (LC)",Oui,Non,Facile,"Aucun potentiel invasif identifié à ce jour",Indifférente,Mésophile,/,Simple,Dense,/,/,CADUC,PRECOCE,OUI,OUI,OUI,NON,NON,OUI,NON,OUI,/,OUI,
Oui,2,"Corylus colurna","Noisetier de Byzance","H>20 m","10<H<15 m",Conique,/,"Mars à Avril",Automne,"Aucun intérêt mellifère",/,"Istrie, Himalaya, Bosnie, Proche-Orient, Caucase",/,/,Facile,"Aucun potentiel invasif identifié à ce jour","Calcaricole à Acidicline",Xérophile,/,Simple,Léger,/,/,/,/,/,/,/,/,/,/,/,/,/,/,
Oui,3,"Crataegus azarolus",Azérolier,"H<10 m","4 m",Etalé,/,Avril,Septembre,"Très mellifère","Oui - fruits","Europe du Sud",Oui,/,Difficile,"Aucun potentiel invasif identifié à ce jour",Calcaricole,"Xérophile à Mésophile",/,Simple,/,/,/,CADUC,/,OUI,OUI,OUI,/,OUI,/,NON,OUI,/,/,
Oui,2,"Crataegus laevigata","Aubépine épineuse","H<10 m","2 à 8 m",Ovoïde,Précoce,"Avril à Juin",Septembre,Mellifère,"Oui - fruits","Préoccupation mineure (LC)",Oui,Oui,Facile,"Aucun potentiel invasif identifié à ce jour",Acidicline,Mésophile,/,Simple,Léger,/,/,CADUC,/,OUI,OUI,OUI,NON,OUI,/,NON,NON,/,/,
Oui,2,"Crataegus monogyna","Aubépine monogyne","H<10 m","H<10 m",Etalé,/,"Avril à Juin","Septembre à Octobre",Mellifère,"Oui - fruits","Préoccupation mineure (LC)",/,/,Facile,"Aucun potentiel invasif identifié à ce jour",Indifférente,"Xérophile à Mésophile",/,Simple,Léger,/,/,CADUC,/,OUI,OUI,OUI,NON,OUI,/,NON,NON,/,OUI,
Non,2,"Crataegus X lavallei","Aubépine de Lavallée","H<10 m","3 à 5 m",Ovoïde,/,"Avril à Juin",Automne,Mellifère,/,"Europe centrale ",/,/,"Assez facile","Aucun potentiel invasif identifié à ce jour","Calcaricole à Acidicline","Xérophile à Mésophile",/,Simple,Léger,/,/,/,/,/,/,/,/,/,/,/,/,/,/,
Non,4,"Cupressus cashmeriana","Cyprès du Cachemire","H>20 m","10<H<15 m",Conique,/,Hiver,/,"Aucun intérêt mellifère",/,Himalaya,Non,Non,Difficile,"Aucun potentiel invasif identifié à ce jour",/,Mésophile,Non,Aiguille,Dense,/,/,/,/,/,/,/,/,/,/,/,/,/,/,
Oui,3,"Cupressus sempervirens","Cyprès toujours vert","H>20 m","2 m",Etalé,Précoce,"Mars à Avril",/,"Aucun intérêt mellifère",/,"Afrique du Nors, Asie mineure, Iran",Non,Non,Facile,"Aucun potentiel invasif identifié à ce jour",Acidicline,"Xérophile à Mésophile",/,Ecaille,Dense,/,/,PERSISTANT,/,NON,OUI,OUI,/,NON,/,/,/,/,OUI,
Oui,3,"Cydonia oblonga",Cognassier,"H<10 m","< 6 m",Elancé,/,"Mai à Juin",Octobre,"Très mellifère","Oui - fruits","Transcaucasie, Turkestan, Arabie",Oui,Oui,Facile,"Aucun potentiel invasif identifié à ce jour",Calcaricole,Mésophile,Oui,Simple,Dense,/,/,CADUC,/,OUI,OUI,OUI,NON,NON,/,NON,OUI,NON,/,
Non,2,"Davidia involucrata","Arbre aux mouchoirs","10<H<15 m","10 m",Ovoïde,/,"Avril à Mai",Juin,Mellifère,/,Chine,Oui,/,Difficile,"Aucun potentiel invasif identifié à ce jour",Indifférente,Mésophile,/,Simple,/,/,/,CADUC,/,OUI,OUI,OUI,NON,NON,/,NON,/,/,/,
Non,3,"Diospyros kaki","Plaqueminier kaki","H<10 m","3 m",Ovoïde,/,"Mai à Juin","Octobre à Novembre","Très mellifère","Oui - fruits","Chine, Japon",/,/,Facile,"Aucun potentiel invasif identifié à ce jour",Indifférente,Mésophile,/,Simple,Dense,/,/,CADUC,/,NON,OUI,OUI,NON,NON,/,NON,OUI,/,/,
Non,2,"Diospyros lotus","Plaqueminier lotus","10<H<15 m","5 m",Ovoïde,/,"Mai à Juin",Novembre,Mellifère,"Oui - fruits","Chine, Inde",Oui,Non,Difficile,"Aucun potentiel invasif identifié à ce jour",Acidicline,Mésophile,/,Simple,Dense,/,/,CADUC,TARDIVE,NON,OUI,OUI,NON,NON,/,NON,OUI,/,/,
Oui,3,"Diospyros virginiana","Plaqueminier de Virginie","10<H<15 m","< 10 m",Ovoïde,Précoce,"Mai à Juin",Automne,Mellifère,"Oui - fruits","Amérique du Nord",Oui,Non,Difficile,"Aucun potentiel invasif identifié à ce jour","Acidiphile à Acidicline",Mésophile,/,Simple,Dense,/,/,CADUC,TARDIVE,OUI,OUI,OUI,/,NON,/,NON,OUI,/,/,
Non,4,"Ehretia acuminata","Ehrétie acuminée","10<H<15 m","H<10 m",Elancé,/,Juin,Automne,Mellifère,"Oui - fruits",Chine,/,/,Difficile,"Aucun potentiel invasif identifié à ce jour","Acidiphile à Acidicline",Mésophile,/,Simple,Dense,/,/,CADUC,/,OUI,OUI,OUI,OUI,NON,/,NON,NON,/,OUI,
Non,4,"Ehretia dicksonii","Cabrillet de Dickson","H>20 m","10<H<15 m",Ovoïde,/,/,/,"Très mellifère","Oui - fruits","Asie de l'Est",/,/,Difficile,"Aucun potentiel invasif identifié à ce jour",Indifférente,"Hygrophile à Mésophile",/,Simple,Léger,/,/,/,/,/,/,/,/,/,/,/,/,/,/,
Non,4,"Eriobotrya deflexa","Néflier du bronze","H<10 m","H<10 m",Elancé,/,Automne,/,"Très mellifère","Oui - fruits","Taiwan, Vietnam",/,/,Difficile,"Aucun potentiel invasif identifié à ce jour","Acidiphile à Acidicline",Mésophile,/,Simple,Léger,/,/,/,/,/,/,/,/,/,/,/,/,/,/,
Non,4,"Eucommia ulmoides","Arbre à Gutta- Percha","H>20 m","10<H<15 m",Etalé,/,"Mars à Mai","Juin à Novembre","Aucun intérêt mellifère",/,Chine,/,/,"Assez facile","Aucun potentiel invasif identifié à ce jour",/,/,/,Simple,Léger,/,/,/,/,/,/,/,/,/,/,/,/,/,/,
Oui,4,"Fagus crenata","Hêtre du Japon","H>20 m","10<H<15 m",Etalé,/,"Avril à Mai",/,Mellifère,"Oui - fruits",Japon,Non,Non,Difficile,"Aucun potentiel invasif identifié à ce jour",/,Mésophile,/,Simple,Léger,/,/,MARCESCENT,TARDIVE,OUI,OUI,NON,OUI,NON,/,NON,NON,/,/,
Oui,4,"Fagus grandifolia","Hêtre d'Amérique","H>20 m","10<H<15 m",Etalé,/,"Avril à Mai",Eté,Mellifère,/,"Amérique du Nord",Non,Non,Difficile,"Aucun potentiel invasif identifié à ce jour",/,Mésophile,/,Simple,Léger,/,/,MARCESCENT,TARDIVE,NON,OUI,NON,OUI,NON,/,/,NON,/,OUI,
Oui,1,"Fagus japonica","Hêtre bleu du Japon","H>20 m","10<H<15 m",Etalé,/,"Avril à Mai",/,Mellifère,/,Japon,Non,Non,Difficile,"Aucun potentiel invasif identifié à ce jour",/,Mésophile,/,Simple,Léger,/,/,MARCESCENT,TARDIVE,NON,OUI,NON,OUI,NON,/,/,NON,/,OUI,
Non,4,"Fagus orientalis","Hêtre d'Orient","H>20 m","10<H<15 m",Etalé,/,"Avril à Mai",Automne,Mellifère,/,"Europe du Sud-Est, Asie mineure, Iran",Non,Non,Difficile,"Aucun potentiel invasif identifié à ce jour",/,Mésophile,/,Simple,Léger,/,/,MARCESCENT,TARDIVE,NON,OUI,NON,OUI,NON,/,/,NON,/,/,
Oui,1,"Fagus sylvatica","Hêtre commun","H>20 m","H<15 m",Ovoïde,/,"Avril à Mai","Août à Novembre",Mellifère,"Oui - fruits","Préoccupation mineure (LC)",Oui,Oui,Facile,"Aucun potentiel invasif identifié à ce jour",Indifférente,Mésophile,/,Simple,Dense,/,/,MARCESCENT,TARDIVE,NON,OUI,NON,OUI,NON,/,OUI,NON,/,OUI,
Oui,3,"Ficus carica","Figuier d'Europe","H<10 m","4 m",Etalé,/,"Juillet à Août","Août à Septembre",Mellifère,"Oui - fruits","Préoccupation mineure (LC)",Non,Non,Facile,"Aucun potentiel invasif identifié à ce jour",Calcaricole,"Xérophile à Mésophile",/,Simple,Dense,/,/,CADUC,/,OUI,OUI,OUI,OUI,NON,/,NON,OUI,/,/,
Non,4,"Firmiana simplex","Parasol chinois, Sterculia","10<H<15 m","H<10 m",Elancé,/,"Mai à Juin",Automne,"Très mellifère",/,"Chine orientale et Japon",/,/,Difficile,"Aucun potentiel invasif identifié à ce jour",Indifférente,Mésophile,/,Simple,Dense,/,/,/,/,/,/,/,/,/,/,/,/,/,/,
Non,4,"Fontanesia phillyreoides","Fontanesia à feuilles de filaire","H<10 m","3 m",Globuleux,/,"Mai à Juin",/,Mellifère,/,/,/,/,Difficile,"Aucun potentiel invasif identifié à ce jour",Calcaricole,Mésophile,/,Simple,Léger,/,/,CADUC,/,OUI,OUI,/,/,NON,/,/,NON,/,/,
Oui,2,"Fraxinus americana","Frêne blanc","H>20 m","8 m",Ovoïde,/,Avril,Octobre,"Aucun intérêt mellifère",/,"Amérique du Nord",Oui,Oui,Facile,"Aucun potentiel invasif identifié à ce jour",Acidicline,"Hygrophile à Mésophile",Oui,Composée,Léger,/,/,CADUC,/,NON,OUI,NON,OUI,NON,/,NON,NON,/,OUI,
Oui,3,"Fraxinus angustifolia","Frêne à feuilles étroites","20<H<25 m","10 à 15 m",Ovoïde,Tardif,Avril,Automne,"Aucun intérêt mellifère",/,"Préoccupation mineure (LC)",Oui,Oui,Difficile,"Aucun potentiel invasif identifié à ce jour",Indifférente,Indifférente,Oui,Composée,Dense,/,/,CADUC,/,NON,OUI,NON,NON,NON,/,NON,NON,/,/,
Oui,1,"Fraxinus excelsior","Frêne commun","H>20 m",/,Colonne,Tardif,"Avril à Mai","Septembre à Octobre",Mellifère,/,"Préoccupation mineure (LC)",Oui,/,Facile,"Aucun potentiel invasif identifié à ce jour",Calcaricole,Mésophile,/,Composée,/,/,/,CADUC,/,/,OUI,OUI,OUI,NON,/,/,/,/,OUI,
Non,4,"Fraxinus mandshurica","Frêne de Mandchourie","20<H<30 m",/,Ovoïde,/,"Mars à Avril",/,"Aucun intérêt mellifère",/,"Est Russie, Corée, Japon, Chine",Oui,Non,Difficile,"Aucun potentiel invasif identifié à ce jour",Indifférente,Mésophile,/,Composée,Dense,/,/,CADUC,/,NON,OUI,NON,OUI,NON,/,/,NON,/,/,
Oui,3,"Fraxinus ornus","Frêne à fleurs","10<H<15 m","4 à 9 m",Etalé,Tardif,"Mai à Juin","Septembre à Octobre",Mellifère,/,"Préoccupation mineure (LC)",/,/,Facile,"Aucun potentiel invasif identifié à ce jour",Calcaricole,Xérophile,/,Composée,/,/,/,CADUC,/,OUI,OUI,/,/,NON,/,/,/,MOYENNE,/,
Oui,4,"Fraxinus sieboldiana","Frêne à fleurs japonais","H<10 m",/,Etalé,Tardif,"Juin à Juillet","Septembre à Octobre",Mellifère,/,"Corée, Japon",Oui,Oui,Facile,"Aucun potentiel invasif identifié à ce jour",Calcaricole,Xérophile,/,Composée,Dense,/,/,CADUC,/,OUI,OUI,NON,OUI,NON,/,NON,NON,/,OUI,
Non,4,"Fraxinus velutina","Frêne de l'Arizona","10<H<15 m",/,Ovoïde,/,Mars,"Septembre à Octobre",/,/,"Amérique du Nord",/,/,Facile,"Aucun potentiel invasif identifié à ce jour",Indifférente,Hygrophile,Oui,Composée,/,/,/,CADUC,/,/,/,/,/,NON,/,/,/,/,/,
Oui,2,"Gymnocladus dioica","Chicot du Canada","15<H<20 m","H<10 m",Ovoïde,Tardif,Juin,Automne,Mellifère,"Oui - fruits","Amérique du Nord",Oui,Non,Difficile,"Aucun potentiel invasif identifié à ce jour",Calcaricole,Mésophile,"Courtes inondations",Composée,Léger,/,/,CADUC,PRECOCE,OUI,OUI,OUI,OUI,NON,/,/,OUI,/,/,
Oui,2,"Ginkgo biloba","Arbre aux quarante écus","H>20 m","10 à 20 m",Elancé,/,"Avril à Mai",Septembre,"Aucun intérêt mellifère",/,Chine,Oui,Oui,Facile,"Aucun potentiel invasif identifié à ce jour",Acidicline,Mésophile,Oui,Simple,Léger,/,/,CADUC,/,NON,OUI,OUI,OUI,NON,/,OUI,OUI,/,/,
Oui,3,"Gleditsia triacanthos","Févier d'Amérique","H>20 m","6 à 7 m",Ovoïde,Tardif,"Juin à Juillet","Septembre à Octobre","Très mellifère","Oui - fruits","Amérique du Nord",Oui,Oui,Facile,"Aucun potentiel invasif identifié à ce jour",Acidicline,Mésophile,Oui,Composée,Léger,/,/,CADUC,PRECOCE,OUI,OUI,OUI,/,OUI,/,/,OUI,/,/,
Non,5,"Grevillea robusta","Grévillée robuste","H>20 m","H<10 m",Conique,/,"Mai à Juin","Fin d'hiver au début de Printemps","Très mellifère",/,Australie,/,/,Difficile,"Aucun potentiel invasif identifié à ce jour","Acidiphile à Acidicline","Xérophile à Mésophile","Courtes inondations",Composée,Léger,/,/,SEMIPERSISTANT,TARDIVE,OUI,OUI,NON,OUI,NON,/,NON,NON,/,OUI,
Non,4,"Halesia carolina","Arbre aux clochettes d'argent","H<10 m","6 à 8 m",Etalé,/,"Avril à Mai","Juin - marcescent","Très mellifère",/,"Amérique du Nord",Oui,/,"Assez facile","Aucun potentiel invasif identifié à ce jour",Acidicline,Mésophile,/,Simple,Dense,/,/,CADUC,/,OUI,OUI,OUI,OUI,NON,/,NON,NON,/,/,
Non,4,"Halesia monticola","Halesia monticola","10<H<15 m","H<10 m",Conique,/,Mai,"Automne - marcescent","Très mellifère",/,"Amérique du Nord",/,/,"Assez facile","Aucun potentiel invasif identifié à ce jour","Acidiphile à Acidicline",Mésophile,/,Simple,Léger,/,/,/,/,/,/,/,/,/,/,/,/,/,/,
Oui,3,"Hibiscus syriacus","Mauve en arbre","H<10 m","2 m",Etalé,Tardif,Août,/,Mellifère,/,/,/,/,"Assez facile","Aucun potentiel invasif identifié à ce jour",Acidicline,Mésophile,/,Simple,/,/,/,CADUC,/,OUI,OUI,NON,NON,NON,/,NON,NON,/,/,
Oui,1,"Hippophae rhamnoides",Argousier,"H<10 m","2 à 3 m",Globuleux,/,"Mars à Avril",/,"Très mellifère",/,"Préoccupation mineure (LC)",/,/,"Assez facile","Aucun potentiel invasif identifié à ce jour",Indifférente,"Xérophile à Mésophile",Oui,Simple,Léger,/,/,/,/,/,/,/,/,/,/,/,/,/,/,
Non,4,"Idesia polycarpa","Idesia polycarpe","10<H<15 m","8 m",Etalé,/,"Mai à Juillet","Automne - marcescent",Mellifère,"Oui - fruits","Chine, Corée, Japon",Oui,Oui,"Assez facile","Aucun potentiel invasif identifié à ce jour",Acidicline,Mésophile,/,Simple,Léger,/,/,CADUC,/,OUI,OUI,OUI,OUI,NON,/,NON,NON,/,OUI,
Oui,2,"Ilex aquifolium",Houx,"H<10 m","3 à 5 m",Conique,Tardif,"Mai à Juin","Automne - marcescent",Mellifère,"Non - fruits toxiques","Préoccupation mineure (LC)",Oui,Oui,Facile,"Aucun potentiel invasif identifié à ce jour",Indifférente,Mésophile,/,Simple,Dense,/,/,PERSISTANT,/,OUI,OUI,OUI,NON,OUI,OUI,OUI,NON,/,OUI,
Non,4,"Ilex castaneifolium","Houx à feuilles de Chataignier","H<10 m","3 à 5 m",Conique,/,"Septembre à Mars","Septembre à Mars",Mellifère,/,/,/,/,"Assez facile","Aucun potentiel invasif identifié à ce jour","Acidiphile à Acidicline","Xérophile à Mésophile",/,Simple,Dense,/,/,/,/,/,/,/,/,/,/,/,/,/,/,
Oui,3,"Juglans regia","Noyer commun","15<H<20 m","15 m",Ovoïde,Tardif,"Mars à Mai",Octobre,"Aucun intérêt mellifère","Oui - fruits","Proche-Orient, Grèc, Ouest Chine",/,Non,Facile,"Aucun potentiel invasif identifié à ce jour",Calcaricole,Mésophile,/,Composée,Dense,/,/,CADUC,/,NON,OUI,OUI,OUI,NON,/,NON,OUI,/,OUI,
Non,4,"Koelreuteria bipinnata","Arbre à flammes chinois","10<H<15 m","H<10 m",Elancé,/,"Septembre ",Automne,Mellifère,/,Chine,Oui,Non,Difficile,"Aucun potentiel invasif identifié à ce jour",Indifférente,"Xérophile à Mésophile",/,Composée,Léger,/,/,CADUC,/,OUI,OUI,OUI,/,NON,/,/,NON,/,/,
Oui,3,"Koelreuteria paniculata",Savonnier,"H<10 m","H<10 m",Etalé,Tardif,"Juin à Août","Automne - marcescent",Mellifère,/,"Chine, Corée, Japon",Oui,Oui,Facile,"Aucun potentiel invasif identifié à ce jour",Acidicline,Mésophile,/,Composée,/,/,/,CADUC,/,OUI,/,OUI,/,NON,/,/,/,/,/,
Non,3,"Lagerstroemia indica","Lilas-d'Eté commun","5<H<10 m","2 à 3 m",Ovoïde,/,"Juillet à Septembre",/,/,/,Chine,/,/,Facile,"Aucun potentiel invasif identifié à ce jour",/,/,/,Simple,/,/,/,CADUC,/,OUI,OUI,/,/,NON,/,/,/,/,/,
Oui,1,"Larix decidua","Mélèze d'Europe","H>20 m","H<10 m",Conique,Précoce,"Avril à Juin",Eté,"Aucun intérêt mellifère",/,"Préoccupation mineure (LC)",Non,Non,Facile,"Aucun potentiel invasif identifié à ce jour",Indifférente,Mésophile,/,Aiguille,Léger,/,/,CADUC,TARDIVE,OUI,OUI,/,OUI,NON,/,/,NON,NON,OUI,
Oui,3,"Laurus nobilis","Laurier sauce","H<10 m","H<10 m",Ovoïde,/,Juillet,Automne,"Très mellifère","Oui - feuilles","Bassin méditerranéen",/,/,Facile,"Aucun potentiel invasif identifié à ce jour","Acidiphile à Acidicline",Mésophile,/,Simple,Dense,/,/,/,/,/,/,/,/,/,/,/,/,/,/,
Non,4,"Ligustrum ibota","Troène ibota","H<10 m","2 à 3 m",Etalé,/,"Mai à Juin",Automne,Mellifère,/,Japon,/,/,Difficile,"Aucun potentiel invasif identifié à ce jour",Acidicline,Mésophile,/,Simple,Dense,/,/,CADUC,TARDIVE,OUI,OUI,OUI,NON,NON,/,OUI,/,/,/,
Oui,2,"Ligustrum vulgare","Troène commun","H<10 m","5 m",Etalé,/,"Mai à Juillet",Automne,"Très mellifère","Non - fruits, fleurs, feuilles toxiques","Préoccupation mineure (LC)",/,/,Facile,"Aucun potentiel invasif identifié à ce jour",Calcaricole,Indifférente,/,Simple,Dense,/,/,MARCESCENT,TARDIVE,OUI,OUI,OUI,NON,NON,OUI,OUI,NON,/,/,
Non,4,"Liquidambar formosana","Copalme de Chine","H>20 m","10 m",Conique,/,"Avril à Mai",Automne,"Aucun intérêt mellifère",/,"Asie de l'Est",/,/,"Assez facile","Aucun potentiel invasif identifié à ce jour","Acidiphile à Acidicline",Mésophile,Non,Simple,/,/,/,CADUC,/,NON,OUI,NON,OUI,NON,/,/,NON,/,OUI,
Non,3,"Liquidambar orientalis","Copalme d'Orient","H>20 m",/,Elancé,/,"Mars à Avril",/,"Aucun intérêt mellifère",/,"Asie mineure",/,Non,"Assez facile","Aucun potentiel invasif identifié à ce jour",Indifférente,Mésophile,"Courtes inondations",Simple,Dense,/,/,CADUC,/,NON,OUI,/,OUI,OUI,/,/,OUI,/,/,
Oui,3,"Liquidambar styraciflua","Copalme d'Amérique","15<H<20 m",/,Conique,Précoce,"Avril à Mai",Automne,Mellifère,/,"Amérique du Nord",/,/,Facile,"Aucun potentiel invasif identifié à ce jour",Acidicline,Mésophile,Oui,Simple,/,/,/,CADUC,/,/,OUI,/,/,NON,/,/,/,/,/,
Non,4,"Liriodendron chinense","Tulipier de Chine","10<H<15 m","H<10 m",Ovoïde,/,Mai,/,"Très mellifère",/,"Chine centrale",/,/,Difficile,"Aucun potentiel invasif identifié à ce jour","Acidiphile à Acidicline",Mésophile,/,Simple,Dense,/,/,/,/,/,/,/,/,/,/,/,/,/,/,
Oui,2,"Liriodendron tulipifera","Tulipier de Virginie","H>20 m",/,Conique,/,"Juin à Juillet","Automne - après 20 ans","Très mellifère",/,"Amérique du Nord",Oui,Oui,Facile,"Aucun potentiel invasif identifié à ce jour",Acidicline,Mésophile,"Courtes inondations",Simple,/,/,/,CADUC,/,OUI,OUI,/,/,NON,/,/,/,/,/,
Non,4,"Maackia chinensis","Maackia de Chine","H<10 m","H<10 m",Conique,/,"Juillet à Août",/,Mellifère,/,Chine,/,/,Difficile,"Aucun potentiel invasif identifié à ce jour",/,/,/,Composée,Dense,/,/,/,/,/,/,/,/,/,/,/,/,/,/,
Oui,3,"Maclura pomifera","Oranger des Osages","10<H<15 m","8 m",Etalé,/,Juin,/,"Aucun intérêt mellifère",Non,"Amérique du Nord",/,Non,Difficile,"Aucun potentiel invasif identifié à ce jour",Calcaricole,"Xérophile à Mésophile",/,Simple,Léger,/,/,CADUC,/,NON,OUI,OUI,OUI,OUI,/,/,OUI,/,/,
Non,4,"Magnolia acuminata","Magnolia acuminé","H>20 m","10<H<15 m",Conique,/,"Juin à Juillet",Eté,Mellifère,/,"Amérique du Nord",/,/,Difficile,"Aucun potentiel invasif identifié à ce jour","Acidiphile à Acidicline",Mésophile,/,Simple,Léger,/,/,/,/,/,/,/,/,/,/,/,/,/,/,
Oui,3,"Magnolia grandiflora","Magnolia à grandes fleurs","20<H<25 m","< 6 m",Conique,Tardif,"Juin à Septembre",Automne,"Très mellifère",/,"Amérique du Nord",Oui,Non,Facile,"Aucun potentiel invasif identifié à ce jour",Acidiphile,Mésophile,/,Simple,Dense,/,/,PERSISTANT,/,OUI,OUI,OUI,/,NON,/,NON,NON,/,NON,
Non,2,"Magnolia kobus","Magnolia kobushi","10<H<15 m","8 à 12 m",Ovoïde,/,"Avril à Mai",/,/,/,Japon,/,/,Facile,"Aucun potentiel invasif identifié à ce jour",Acidicline,Mésophile,/,Simple,/,/,/,CADUC,/,OUI,OUI,/,/,NON,/,/,/,/,/,
Non,2,"Magnolia soulangeana","Magnolia de Soulange","10<H<15 m","4 à 8 m",Conique,Précoce,"Avril à Mai",Eté,"Très mellifère",/,Asie,Oui,Oui,"Assez facile","Aucun potentiel invasif identifié à ce jour",Acidicline,Mésophile,/,Simple,Dense,/,/,PERSISTANT,/,OUI,OUI,OUI,/,NON,/,NON,/,/,/,
Oui,2,"Malus domestica","Pommier commun","10<H<15 m",/,Ovoïde,/,/,Juillet,Mellifère,"Oui - fruits",Balkans,/,/,Facile,"Aucun potentiel invasif identifié à ce jour",Acidicline,Mésophile,/,Simple,/,/,/,CADUC,/,/,/,OUI,/,NON,/,/,/,/,/,
Non,2,"Malus floribunda","Pommier japonais","H<10 m","4 à 8 m",Etalé,Précoce,"Avril à Mai","Septembre à Décembre",Mellifère,"Oui - fruits",Japon,Oui,Oui,"Assez facile","Aucun potentiel invasif identifié à ce jour",Acidiphile,Mésophile,/,Simple,Léger,/,/,CADUC,/,OUI,OUI,OUI,NON,NON,/,NON,/,/,NON,
Non,2,"Malus spectabilis","Pommier de Chine","H<10 m","4 à 8 m",Fastigié,/,"Avril à Mai",/,Mellifère,/,Chine,Oui,/,"Assez facile","Aucun potentiel invasif identifié à ce jour",Indifférente,"Xérophile à Mésophile",/,Simple,/,/,/,CADUC,/,OUI,OUI,OUI,NON,NON,/,NON,OUI,NON,/,
Oui,2,"Malus sylvestris","Pommier sauvage","H<10 m","5 à 8 m",Ovoïde,/,"Avril à Mai",Automne,"Très mellifère","Oui - fruits","Préoccupation mineure (LC)",Oui,/,Facile,"Aucun potentiel invasif identifié à ce jour",Indifférente,Mésophile,/,Simple,Léger,/,/,CADUC,/,OUI,/,OUI,/,OUI,/,NON,OUI,/,OUI,
Non,3,"Malus trilobata","Pommier à feuilles trilobées","H<10 m","3 m",Conique,/,Juin,"Eté au début d'hiver",Mellifère,/,/,/,/,"Assez facile","Aucun potentiel invasif identifié à ce jour",Indifférente,/,/,Simple,Dense,/,/,CADUC,/,OUI,OUI,OUI,/,NON,/,/,OUI,/,/,
Non,3,"Malus tschonoskii","Pommier de Sukawa","10<H<15 m","4 à 5 m",Conique,/,"Avril à Mai",/,/,/,Japon,/,/,Facile,"Aucun potentiel invasif identifié à ce jour",Indifférente,Mésophile,/,Simple,/,/,/,CADUC,/,/,/,OUI,/,NON,/,/,/,/,/,
Non,3,"Melia azedarach",Margousier,"10<H<15 m","4 m",Etalé,Tardif,"Mai à Juillet","Eté au début d'hiver",Mellifère,/,"Chine, Inde",Oui,Non,Difficile,"Aucun potentiel invasif identifié à ce jour",Indifférente,Mésophile,/,Composée,Léger,/,/,CADUC,/,OUI,OUI,OUI,OUI,NON,OUI,OUI,OUI,MOYENNE,/,
Oui,3,"Mespilus germanica","Néflier commun","H<10 m","H<10 m",Etalé,/,"Mai à Juin",/,Mellifère,"Oui - fruits","Préoccupation mineure (LC)",/,/,Facile,"Aucun potentiel invasif identifié à ce jour",Calcaricole,Xérophile,/,Simple,/,/,/,CADUC,/,OUI,OUI,/,/,OUI,/,NON,/,/,/,
Non,2,"Metasequoia glibtostroboides","Métaséquoia du Sichuan","H>30 m","H<10 m",Conique,/,/,/,"Aucun intérêt mellifère",/,Chine,/,/,"Assez facile","Aucun potentiel invasif identifié à ce jour","Acidiphile à Acidicline",Mésophile,/,Aiguille,Dense,/,/,/,/,/,/,/,/,/,/,/,/,/,/,
Non,4,"Metrosideros excelsa",Pohutukawa,"2 à 4 m","1 m",Etalé,/,"Juin à Août",/,"Très mellifère",/,Océanie,/,/,"Assez facile","Aucun potentiel invasif identifié à ce jour","Acidiphile à Acidicline",Mésophile,/,Simple,Dense,/,/,/,/,/,/,/,/,/,/,/,/,/,/,
Oui,3,"Morus alba","Mûrier blanc","10<H<15 m","4 à 8 m",Ovoïde,/,"Mai à Juin","Juin à juillet",Mellifère,"Oui - fruits","Mongolie, Inde",/,Non,Facile,"Aucun potentiel invasif identifié à ce jour",Indifférente,Mésophile,/,Simple,Dense,/,/,CADUC,/,NON,OUI,OUI,/,NON,/,NON,OUI,/,/,
Oui,2,"Morus australis","Mûrier à feuilles de platane","H<10 m","5 à 8 m",Etalé,/,/,Eté,/,"Oui - fruits","Asie Sud-Est, Japon",/,/,Facile,"Aucun potentiel invasif identifié à ce jour",Indifférente,Xérophile,/,Simple,/,/,/,CADUC,/,/,/,/,/,NON,/,/,/,/,/,
Oui,3,"Morus nigra","Murier noir","10<H<15 m","10<H<15 m",Ovoïde,/,"Mai à Juin","Juillet à Août",Mellifère,"Oui - fruits","Orient et Moyen-Orient",Non,Non,Facile,"Aucun potentiel invasif identifié à ce jour",Calcaricole,Mésophile,/,Aiguille,Dense,/,/,/,/,/,/,/,/,/,/,/,/,/,/,
Oui,3,"Morus rubra","Murier rouge","10<H<15 m","H<10 m",Ovoïde,/,Hiver,"Mai à juin",Mellifère,"Oui - fruits","Amérique du Nord",/,/,Difficile,"Aucun potentiel invasif identifié à ce jour",Indifférente,Mésophile,/,Simple,Léger,/,/,/,/,/,/,/,/,/,/,/,/,/,/,
Oui,3,"Olea europaea","Olivier d'Europe","H<10 m","H<10 m",Etalé,/,Juin,"Eté à Automne",Mellifère,"Oui - fruits","Méditerranée, Arabie saoudite",Non,Non,Facile,"Aucun potentiel invasif identifié à ce jour","Acidiphile à Acidicline","Xérophile à Mésophile",/,Simple,Dense,POSSIBLE,/,PERSISTANT,/,OUI,OUI,OUI,OUI,NON,/,NON,OUI,/,OUI,
Oui,3,"Ostrya carpinifolia",Charme-Houblon,"15<H<20 m",/,Conique,/,"Avril à Mai",Juin,"Aucun intérêt mellifère",/,"Sud de l'Europe",/,/,Facile,"Aucun potentiel invasif identifié à ce jour",Acidiphile,Mésophile,/,Simple,/,/,/,CADUC,/,/,/,/,/,NON,/,/,/,/,/,
Oui,3,"Ostrya virginiana","Ostryer de Virginie","10<H<15 m","H<10 m",Etalé,/,Avril,/,"Aucun intérêt mellifère",/,"Amérique du Nord",/,/,"Assez facile","Aucun potentiel invasif identifié à ce jour",Calcaricole,"Xérophile à Mésophile",/,Simple,/,/,/,CADUC,/,NON,OUI,OUI,OUI,NON,/,/,NON,/,/,
Non,3,"Parrotia persica","Arbre de fer","H<10 m",/,Etalé,/,/,/,/,/,/,/,Oui,Facile,"Aucun potentiel invasif identifié à ce jour",/,/,"Courtes inondations",Simple,/,/,/,CADUC,/,/,OUI,/,OUI,NON,/,/,/,/,/,
Oui,3,"Paulownia tomentosa","Paulownia impérial","10<H<15 m","12 à 15 m",Etalé,Tardif,"Avril à Mai","Automne - marcescent",Mellifère,/,Chine,Oui,Non,Facile,"Aucun potentiel invasif identifié à ce jour",Indifférente,"Xérophile à Mésophile",/,Simple,Dense,/,/,CADUC,TARDIVE,OUI,OUI,OUI,/,NON,/,/,/,/,/,
Oui,2,"Phellodendron amurense","Arbre au liège de l'Amour","10<H<15 m","10 à 15 m",Ovoïde,Tardif,Juin,"Eté au début d'hiver","Très mellifère",/,Chine,Oui,Oui,Difficile,"Aucun potentiel invasif identifié à ce jour",Acidicline,Mésophile,/,Composée,Dense,/,/,CADUC,PRECOCE,NON,OUI,OUI,OUI,NON,OUI,NON,NON,/,/,
Non,4,"Photinia serratifolia","Photinia de Chine","3 à 5 m","2 à 4 m",Etalé,/,"Avril à Juillet",Automne,Mellifère,/,"Chine, Japon",/,/,Difficile,"Aucun potentiel invasif identifié à ce jour",Indifférente,"Xérophile à Mésophile",/,Simple,Dense,/,/,/,/,/,/,/,/,/,/,/,/,/,/,
Oui,1,"Picea abies","Epicéa commun","H>20 m","5 à 8 m",Conique,Tardif,"Avril à Mai",/,"Aucun intérêt mellifère",/,"Préoccupation mineure (LC)",Oui,Oui,Facile,"Aucun potentiel invasif identifié à ce jour",Acidiphile,Indifférente,Oui,Aiguille,Dense,/,/,PERSISTANT,/,OUI,OUI,OUI,OUI,NON,/,/,OUI,OUI,OUI,
Non,4,"Picea orientalis","Sapin du Caucase","H>20 m","H<10 m",Elancé,Précoce,Mai,/,"Aucun intérêt mellifère",/,Caucase,Oui,Oui,Facile,"Aucun potentiel invasif identifié à ce jour","Acidiphile à Acidicline",Mésophile,/,Aiguille,Dense,/,/,PERSISTANT,TARDIVE,OUI,OUI,OUI,/,NON,/,/,OUI,MOYENNE,OUI,
Non,4,"Pinus brutia","Pin de Calabre","H>20 m","10 à 15 m",Ovoïde,/,/,/,"Aucun intérêt mellifère",/,"Asie mineure",Non,Non,Difficile,"Aucun potentiel invasif identifié à ce jour",/,"Xérophile à Mésophile",/,Aiguille,Dense,/,INFLAMMABLE,PERSISTANT,TARDIVE,/,OUI,OUI,OUI,NON,/,/,OUI,/,OUI,
Non,4,"Pinus bungeana","Pin Napoléon","H>20 m","5 à 10 m",Etalé,/,/,/,"Aucun intérêt mellifère",/,"Chine centrale",Non,Non,Difficile,"Aucun potentiel invasif identifié à ce jour",Indifférente,Mésophile,/,Aiguille,Dense,/,/,PERSISTANT,TARDIVE,NON,OUI,OUI,OUI,NON,/,/,OUI,/,OUI,
Non,2,"Pinus griffithii","Pin Pleureur de l'Himalaya","H>20 m","10 m",Conique,/,/,/,"Aucun intérêt mellifère",/,Himalaya,/,/,Facile,"Aucun potentiel invasif identifié à ce jour","Acidiphile à Acidicline",Indifférente,/,Aiguille,Léger,/,/,PERSISTANT,/,NON,OUI,OUI,/,NON,/,/,OUI,/,OUI,
Oui,3,"Pinus halepensis","Pin d'Alep","H>20 m","5 à 10 m",Etalé,/,"Avril à Mai",/,"Aucun intérêt mellifère",/,"Préoccupation mineure (LC)",Non,Non,"Assez facile","Aucun potentiel invasif identifié à ce jour",Indifférente,"Xérophile à Mésophile",/,Aiguille,Dense,/,"TRES INFLAMMABLE",PERSISTANT,TARDIVE,NON,OUI,OUI,/,NON,/,/,OUI,/,OUI,
Oui,2,"Pinus nigra","Pin noir","H>20 m",/,Conique,Précoce,"Juin à Juillet",Automne,/,/,"En danger (EN)",Oui,Oui,Facile,"Aucun potentiel invasif identifié à ce jour",Acidiphile,Mésophile,/,Aiguille,Dense,/,/,PERSISTANT,/,/,OUI,/,/,/,/,/,/,/,/,
Non,4,"Pinus parviflora","Pin blanc du Japon","10<H<15 m","5 à 8 m","Conique à Etalé",/,/,/,"Aucun intérêt mellifère",/,Japon,/,/,"Assez facile","Aucun potentiel invasif identifié à ce jour",Acidicline,Mésophile,/,Aiguille,Dense,/,/,PERSISTANT,/,NON,OUI,OUI,OUI,NON,/,/,/,/,/,
Oui,1,"Pinus pinaster","Pin maritime","H>20 m","10 à 15 m",Etalé,/,"Avril à Mai",/,"Aucun intérêt mellifère",/,"Afrique du Nord, Europe du Sud",Non,Non,Facile,"Aucun potentiel invasif identifié à ce jour","Acidiphile à Acidicline",Indifférente,/,Aiguille,Dense,/,/,PERSISTANT,TARDIVE,NON,OUI,OUI,OUI,NON,/,/,OUI,/,OUI,
Oui,2,"Pinus pinea","Pin parasol","15<H<25 m","10 m","Conique à Etalé",Précoce,"Avril à Mai",Eté,"Aucun intérêt mellifère","Oui - fruits","Asie mineure",Non,Non,Facile,"Aucun potentiel invasif identifié à ce jour",Acidicline,"Xérophile à Mésophile",/,Aiguille,Dense,/,/,PERSISTANT,/,NON,OUI,OUI,OUI,NON,NON,NON,OUI,/,OUI,
Oui,4,"Pinus ponderosa","Pin jaune","15<H<20 m","H<10 m",Conique,/,/,/,"Aucun intérêt mellifère",/,"Amérique du Nord",/,/,"Assez facile","Aucun potentiel invasif identifié à ce jour","Acidiphile à Acidicline","Xérophile à Mésophile",/,Simple,Léger,/,/,/,/,/,/,/,/,/,/,/,/,/,/,
Oui,2,"Pinus strobus","Pin Weymouth","H>20 m","8 à 15 m",Conique,/,/,/,"Aucun intérêt mellifère",/,"Amérique du Nord",Oui,Oui,Facile,"Aucun potentiel invasif identifié à ce jour","Acidiphile à Acidicline",Mésophile,/,Aiguille,Dense,/,/,PERSISTANT,/,NON,OUI,OUI,OUI,NON,/,/,OUI,/,OUI,
Oui,1,"Pinus sylvestris","Pin sylvestre","H>20 m","10 à 15 m",Conique,Précoce,"Mai à Juin",Eté,"Aucun intérêt mellifère",/,"Préoccupation mineure (LC)",Oui,Oui,Facile,"Aucun potentiel invasif identifié à ce jour",Acidiphile,Indifférente,/,Aiguille,Dense,/,/,PERSISTANT,/,NON,OUI,/,OUI,NON,NON,/,/,NON,OUI,
Oui,1,"Pinus uncinata","Pin à crochets","H>20 m","H<10 m",Conique,/,"Mai à Juillet",/,"Aucun intérêt mellifère",/,Europe,/,/,Difficile,"Aucun potentiel invasif identifié à ce jour",Indifférente,Mésophile,/,Aiguille,Dense,/,/,/,/,/,/,/,/,/,/,/,/,/,/,
Non,4,"Pistacia atlantica","Pistachier de l'Atlas","H<10 m","H<10 m",Etalé,/,"Mai à Juin","Septembre à Octobre","Aucun intérêt mellifère",Oui,"Afrique du Nord",/,/,Difficile,"Aucun potentiel invasif identifié à ce jour",Indifférente,Xérophile,/,Composée,Dense,/,/,/,/,/,/,/,/,/,/,/,/,/,/,
Non,3,"Pistacia chinensis","Pistachier de Chine","10<H<15 m","H<10 m",Etalé,/,"Avril à Juin",/,Mellifère,/,Chine,Oui,Oui,"Assez facile","Aucun potentiel invasif identifié à ce jour",Indifférente,Indifférente,/,Composée,Dense,/,/,CADUC,/,/,OUI,OUI,OUI,NON,/,OUI,/,/,OUI,
Oui,3,"Pistacia lentiscus",Lentisque,"5 m","3 m",Globuleux,/,"Avril à Juin","Automne à Hiver","Très mellifère","Oui - fruits","Bassin méditerranéen",Oui,Oui,Difficile,"Aucun potentiel invasif identifié à ce jour",Indifférente,Xérophile,/,Composée,Dense,/,/,/,/,/,/,/,/,/,/,/,/,/,/,
Oui,3,"Pistacia terebinthus","Pistachier térébinthe","5 m","3 m",Globuleux,/,"Avril à Juin","Automne à Hiver","Très mellifère",Oui,"Bassin méditerranéen",Oui,Oui,Difficile,"Aucun potentiel invasif identifié à ce jour",Indifférente,Indifférente,/,Composée,Dense,/,/,/,/,/,/,/,/,/,/,/,/,/,/,
Oui,2,"Platanus hispanica","Platane à feuilles d'érable","H>20 m","10 à 15 m",Ovoïde,/,"Avril à Mai","Eté au début d'hiver",/,/,/,Oui,Oui,Facile,"Aucun potentiel invasif identifié à ce jour",Calcaricole,Mésophile,/,Simple,Dense,/,/,CADUC,/,/,/,/,OUI,NON,/,/,/,/,/,
Oui,3,"Platanus orientalis","Platane d'Orient","H>20 m","10 à 15 m",Ovoïde,/,Mai,/,/,/,"Asie mineure",Oui,/,"Assez facile","Aucun potentiel invasif identifié à ce jour",Acidicline,Mésophile,/,Simple,Dense,/,/,CADUC,/,/,/,/,OUI,NON,/,/,/,MOYENNE,/,
Oui,2,"Populus alba","Peuplier blanc","15<H<20 m","15 m",Ovoïde,Précoce,"Mars à Avril",Juin,"Aucun intérêt mellifère",/,"Préoccupation mineure (LC)",Oui,Oui,Facile,"Aucun potentiel invasif identifié à ce jour",Calcaricole,Indifférente,/,Simple,Dense,/,/,CADUC,/,NON,OUI,NON,OUI,NON,OUI,/,NON,MOYENNE,OUI,
Oui,2,"Populus nigra","Peuplier noir","H>20 m","10 à 15 m",Colonne,/,/,"Mai à juin","Aucun intérêt mellifère",/,"Préoccupation mineure (LC)",/,/,Facile,"Aucun potentiel invasif identifié à ce jour",/,Hygrophile,Oui,Simple,/,/,/,CADUC,/,/,/,/,/,NON,/,/,/,/,OUI,
Non,2,"Populus simonii","Peuplier de Simon","10<H<15 m","6 à 10 m",Conique,Précoce,Avril,/,"Aucun intérêt mellifère",/,/,Oui,Non,Facile,"Aucun potentiel invasif identifié à ce jour",Indifférente,Mésophile,/,Simple,Léger,/,/,CADUC,/,NON,OUI,NON,OUI,NON,OUI,/,NON,MOYENNE,/,
Oui,1,"Populus tremula",Tremble,"H>20 m","5 à 12 m",Ovoïde,Précoce,"Mars à Avril",Printemps,"Aucun intérêt mellifère",/,"Préoccupation mineure (LC)",Oui,Oui,Facile,"Aucun potentiel invasif identifié à ce jour",Indifférente,Mésophile,/,Simple,Léger,/,/,CADUC,/,NON,OUI,NON,OUI,NON,OUI,/,NON,MOYENNE,OUI,
Oui,2,"Populus X canescens","Peuplier grisard","H>20 m","10<H<15 m",Etalé,/,Mars,/,"Aucun intérêt mellifère",/,"Europe centrale, Asie Mineure",/,/,Facile,"Aucun potentiel invasif identifié à ce jour",Calcaricole,"Hygrophile à Mésophile",Oui,Simple,Léger,/,/,/,/,/,/,/,/,/,/,/,/,/,/,
Oui,3,"Prunus armeniaca","Abricotier commun","H<10 m","2 m",Etalé,Précoce,Mars,Printemps,"Très mellifère","Oui - fruits",Turkestan,Non,Non,Facile,"Aucun potentiel invasif identifié à ce jour",Calcaricole,Mésophile,/,Simple,Dense,/,/,CADUC,/,OUI,OUI,OUI,OUI,NON,/,NON,OUI,/,/,
Oui,2,"Prunus avium","Cerisier des oiseau","H>20 m",/,Ovoïde,/,"Avril à Mai",Juillet,"Très mellifère","Oui - fruits","Préoccupation mineure (LC)",Oui,Oui,Facile,"Aucun potentiel invasif identifié à ce jour",Acidicline,Mésophile,/,Simple,Dense,/,/,CADUC,/,OUI,OUI,/,/,NON,/,/,OUI,MOYENNE,OUI,
Oui,2,"Prunus cerasifera","Prunier myrobolan","H<10 m","4 à 6 m",Ovoïde,Précoce,"Mars à Avril",Juillet,Mellifère,"Oui - fruits","Proche-Orient, Caucase",Oui,Oui,Facile,"Aucun potentiel invasif identifié à ce jour",Calcaricole,Mésophile,/,Simple,Dense,/,/,CADUC,/,OUI,OUI,OUI,/,OUI,OUI,NON,OUI,/,/,
Oui,2,"Prunus domestica","Prunier domestique","H<10 m","3 à 5 m",Etalé,Précoce,"Mars à Avril",Juillet,"Très mellifère","Oui - fruits","Asie mineure, Europe centrale",Oui,Non,Facile,"Aucun potentiel invasif identifié à ce jour",Indifférente,Mésophile,/,Simple,Léger,/,/,CADUC,/,OUI,NON,OUI,/,/,NON,NON,OUI,/,/,
Oui,2,"Prunus dulcis","Amandier commun","H<10 m","8 m",Etalé,Précoce,"Février à Mars","Juin à juillet","Très mellifère","Oui - fruits",Caucase,Non,Non,Facile,"Aucun potentiel invasif identifié à ce jour",Calcaricole,Xérophile,/,Simple,Dense,/,/,CADUC,/,OUI,OUI,OUI,OUI,NON,/,NON,OUI,/,/,
Non,2,"Prunus incisa","Cerisier incisa","H<10 m","3 à 5 m",Globuleux,/,"Mars à Avril",/,Mellifère,/,Japon,/,/,"Assez facile","Aucun potentiel invasif identifié à ce jour","Calcaricole à Acidicline","Xérophile à Mésophile",/,Simple,Léger,/,/,/,/,/,/,/,/,/,/,/,/,/,/,
Oui,2,"Prunus lusitanica","Laurier du Portugal","H<10 m","3 à 5 m",Globuleux,/,Juin,/,Mellifère,/,"Espagne, Portugal ",Non,Non,Facile,"Aucun potentiel invasif identifié à ce jour","Acidiphile à Acidicline",Mésophile,/,Simple,Dense,/,/,/,/,/,/,/,/,/,/,/,/,/,/,
Oui,2,"Prunus mahaleb","Cerisier de Sainte-Lucie","H<10 m","4 à 6 m",Etalé,Précoce,"Avril à Mai",Juillet,"Très mellifère","Oui - fruits","Préoccupation mineure (LC)",Oui,Non,Facile,"Aucun potentiel invasif identifié à ce jour",Calcaricole,Xérophile,/,Simple,Léger,/,/,CADUC,/,OUI,OUI,OUI,OUI,NON,OUI,NON,OUI,NON,OUI,
Oui,1,"Prunus padus","Cerisier à grappes","H<10 m","5 à 15 m",Ovoïde,Précoce,"Avril à Mai","Juillet à Août","Très mellifère","Oui - fruits","Préoccupation mineure (LC)",Oui,Non,"Assez facile","Aucun potentiel invasif identifié à ce jour",Acidicline,Mésophile,Oui,Simple,Dense,/,/,CADUC,/,OUI,OUI,OUI,NON,NON,OUI,NON,OUI,MOYENNE,OUI,
Oui,3,"Prunus persica","Pêcher commun","5 m","4 m",Etalé,Précoce,"Février à Avril","Juillet à Août","Très mellifère","Oui - fruits",Chine,Non,Non,Facile,"Aucun potentiel invasif identifié à ce jour",Indifférente,Mésophile,"Courtes inondations",Simple,Léger,/,/,CADUC,/,OUI,OUI,OUI,OUI,NON,NON,NON,OUI,/,/,
Non,2,"Prunus sargentii","Cerisier de Sargent","10<H<15 m","H<10 m",Etalé,/,Avril,Eté,Mellifère,/,Japon,/,/,"Assez facile","Aucun potentiel invasif identifié à ce jour",Acidicline,Mésophile,/,Simple,Léger,/,/,/,/,/,/,/,/,/,/,/,/,/,/,
Non,1,"Prunus serrula ","Cerisier du Tibet","H<10 m","H<10 m",Ovoïde,/,"Avril à Mai",Août,Mellifère,/,"Ouest de la Chine",/,/,"Assez facile","Aucun potentiel invasif identifié à ce jour","Acidiphile à Acidicline",Mésophile,/,Simple,Dense,/,/,/,/,/,/,/,/,/,/,/,/,/,/,
Oui,2,"Prunus serrulata","Cerisier du Japon","H<10 m",/,Fastigié,/,"Avril à Mai","Juillet à Août",/,/,/,/,Oui,Facile,"Aucun potentiel invasif identifié à ce jour",/,/,/,Simple,/,/,/,CADUC,/,OUI,/,/,OUI,NON,/,/,/,/,/,
Oui,2,"Prunus spinosa","Prunellier commun","H<10 m","5 m",Etalé,/,"Mars à Avril","Juin à juillet",Mellifère,"Oui - fruits","Préoccupation mineure (LC)",/,/,"Assez facile","Aucun potentiel invasif identifié à ce jour",Acidicline,Mésophile,/,Simple,/,/,/,CADUC,/,/,/,OUI,/,OUI,/,/,OUI,/,/,
Non,2,"Prunus subhirtella","Cerisier à fleurs d'automne","H<10 m","5 m",Etalé,Précoce,"Novembre à Mars",/,"Très mellifère",/,/,Oui,Oui,Facile,"Aucun potentiel invasif identifié à ce jour",Indifférente,Mésophile,/,Simple,Léger,/,/,CADUC,PRECOCE,OUI,OUI,OUI,NON,NON,/,NON,OUI,/,/,
Non,4,"Prunus triloba","Amandier de Chine","H<10 m","2 m",Etalé,Précoce,"Février à Avril",/,Mellifère,Non,Chine,Non,Non,"Assez facile","Aucun potentiel invasif identifié à ce jour",Indifférente,"Xérophile à Mésophile",/,Simple,Léger,/,/,CADUC,/,OUI,OUI,OUI,OUI,NON,/,OUI,OUI,/,/,
Non,2,"Prunus X schmittii","Cerisier d'ornement de Schmitt","H<10 m","3 m",Ovoïde,/,"Avril à Mai",Juillet,Mellifère,/,/,Oui,Oui,Facile,"Aucun potentiel invasif identifié à ce jour",Indifférente,Mésophile,/,Simple,Léger,/,/,CADUC,/,OUI,OUI,OUI,OUI,NON,NON,NON,OUI,NON,/,
Non,2,"Prunus x yedohensis","Cerisier Yoshino","H<10 m","H<10 m",Etalé,Tardif,Mars,/,Mellifère,/,Japon,/,/,Difficile,"Aucun potentiel invasif identifié à ce jour",Indifférente,Mésophile,/,Simple,Dense,/,/,/,/,/,/,/,/,/,/,/,/,/,/,
Non,3,"Pseudocydonia sinensis","Cognassier de Chine","H<10 m","5 m",Etalé,/,"Avril à Mai","Octobre à Décembre",Mellifère,"Oui - fruits",Chine,/,Oui,Facile,"Aucun potentiel invasif identifié à ce jour",Indifférente,Mésophile,/,Simple,Dense,/,/,CADUC,/,OUI,OUI,OUI,OUI,NON,/,NON,OUI,/,/,
Oui,3,"Ptelea trifoliata","Orme de Samarie","H<10 m","3 à 5 m",Etalé,Tardif,"Juin et Août","Septembre - marcescent","Très mellifère",/,"Amérique du Nord",Oui,Oui,"Assez facile","Aucun potentiel invasif identifié à ce jour",Indifférente,"Xérophile à Mésophile",/,Composée,Léger,/,/,CADUC,TARDIVE,NON,OUI,OUI,NON,NON,/,NON,NON,/,/,
Oui,3,"Pterocarya fraxinifolia","Ptérocaryer du Caucase","H>20 m","H<15 m",Ovoïde,Précoce,Mai,"Automne - marcescent","Aucun intérêt mellifère",/,"Caucase, Iran du Nord",Oui,Non,Facile,"Aucun potentiel invasif identifié à ce jour",Indifférente,Hygrophile,Oui,Composée,Dense,/,/,CADUC,/,NON,OUI,OUI,NON,NOn,OUI,/,/,MOYENNE,/,
Non,2,"Pterocarya stenoptera","Ptérocaryer de Chine","H>20 m","10 à 15 m",Etalé,Précoce,Mai,Eté,"Aucun intérêt mellifère",/,Chine,Oui,Non,"Assez facile","Aucun potentiel invasif identifié à ce jour",Acidicline,Mésophile,/,Composée,Dense,/,/,CADUC,/,NON,OUI,NON,OUI,NON,NON,/,NON,/,/,
Non,4,"Pteroceltis tatarinowii","Santal bleu","10<H<15 m",/,Etalé,/,"Mars à Mai","Août à Septembre","Aucun intérêt mellifère",/,Chine,/,/,Difficile,"Aucun potentiel invasif identifié à ce jour",Calcaricole,/,/,Simple,/,/,/,CADUC,/,NON,NON,NON,OUI,NON,/,/,/,/,OUI,
Non,4,"Pterostyrax hispidus","Arbre aux épaulettes","H<10 m","5 m",Globuleux,/,"Juin à Juillet","Septembre à Octobre",Mellifère,/,"Chine, Japon",Oui,Oui,"Assez facile","Aucun potentiel invasif identifié à ce jour",Indifférente,Mésophile,/,Simple,Léger,/,/,CADUC,/,OUI,OUI,OUI,OUI,NON,/,/,/,/,/,
Oui,3,"Punica granatum",Grenadier,"H<10 m","H<10 m",Ovoïde,/,"Juin à Septembre",Septembre,Mellifère,"Oui - fruits","Sud-Est de l'Europe",/,/,Difficile,"Aucun potentiel invasif identifié à ce jour",Indifférente,"Xérophile à Mésophile",/,Simple,Dense,/,/,/,/,/,/,/,/,/,/,/,/,/,/,
Oui,3,"Pyrus calleryana","Poirier de chine","H<10 m","5 à 8 m",Elancé,/,"Mars à Avril","Automne - marcescent",Mellifère,/,Chine,Oui,Oui,"Assez facile","Aucun potentiel invasif identifié à ce jour",/,/,/,Simple,/,/,/,CADUC,/,OUI,/,/,/,NON,/,/,OUI,/,/,
Oui,2,"Pyrus communis","Poirier commun","10<H<15 m","5 à 8 m",Colonne,/,"Avril à Mai",Octobre,/,"Oui - fruits","Asie de l'Ouest",/,/,"Assez facile","Aucun potentiel invasif identifié à ce jour",Acidicline,Mésophile,/,Simple,/,/,/,CADUC,/,/,/,/,/,NON,/,/,/,/,/,
Non,4,"Pyrus pyrifolia","Poirier asiatique","H<10 m","3 m",Etalé,Précoce,Mars,"Juillet à Août","Très mellifère","Oui - fruits",Asie,/,Oui,Difficile,"Aucun potentiel invasif identifié à ce jour",Indifférente,Mésophile,/,Simple,/,/,/,CADUC,/,OUI,/,OUI,/,NON,/,NON,OUI,/,/,
Oui,1,"Pyrus spinosa","Poirier épineux","H<10 m","H<10 m",Globuleux,/,"Mars à Avril",Eté,Mellifère,/,"Préoccupation mineure (LC)",/,/,"Assez facile","Aucun potentiel invasif identifié à ce jour",Calcaricole,Mésophile,/,Simple,Dense,/,/,CADUC,/,OUI,OUI,OUI,/,OUI,NON,NON,OUI,/,OUI,
Non,3,"Quercus acutissima","Chêne du Japon","15<H<20 m","8 à 12 m",Etalé,/,"Mars à Avril","Tous les 2 ans",/,/,"Chine, Corée, Japon",/,/,"Assez facile","Aucun potentiel invasif identifié à ce jour",Acidicline,Mésophile,/,Simple,/,/,/,CADUC,/,/,OUI,/,/,NON,/,/,/,/,/,
Non,4,"Quercus afares","Chêne de Kabylie","H>20 m","H<10 m",Fastigié,/,/,/,/,/,Algérie,/,/,Difficile,"Aucun potentiel invasif identifié à ce jour",/,"Hygrophile à Mésophile",/,Simple,Dense,/,/,/,/,/,/,/,/,/,/,/,/,/,/,
Non,2,"Quercus bicolor","Chêne bicolore","H>20 m",/,Etalé,/,Mai,Automne,/,/,"Amérique du Nord",/,/,"Assez facile","Aucun potentiel invasif identifié à ce jour",Acidiphile,"Hygrophile à Mésophile",Oui,Simple,Dense,/,/,CADUC,/,/,OUI,/,OUI,NON,/,/,OUI,NON,OUI,
Non,3,"Quercus canariensis","Chêne des Canaries","H>20 m","10 à 15 m",Ovoïde,/,"Avril à Mai",/,/,/,"Espagne, Portugal, Tunisie, Algérie, Maroc",/,/,Difficile,"Aucun potentiel invasif identifié à ce jour",Calcaricole,Mésophile,/,Simple,Dense,/,/,SEMI-PERSISTANT,/,NON,OUI,OUI,OUI,NON,/,/,OUI,/,OUI,
Non,3,"Quercus castaneifolia","Chêne à feuilles de châtaignier","H>20 m","18 m",Ovoïde,/,Mai,Automne,/,/,"Caucase, Iran  ",/,/,Facile,"Aucun potentiel invasif identifié à ce jour",Calcaricole,Mésophile,/,Simple,/,/,/,MARCESCENT,/,/,/,/,/,NON,/,/,/,/,/,
Oui,2,"Quercus cerris","Chêne chevelu","H>20 m","10 à 12 m",Ovoïde,/,"Avril à Mai",Automne,/,/,"Asie mineure, Europe centrale",/,/,Facile,"Aucun potentiel invasif identifié à ce jour",Acidicline,Mésophile,Oui,Simple,/,/,/,MARCESCENT,TARDIVE,/,OUI,/,/,NON,/,/,OUI,MOYENNE,OUI,
Oui,2,"Quercus coccifera","Chêne kermès","2 à 4 m","3 m",Globuleux,/,"Avril à Mai",Automne,Mellifère,/,"Préoccupation mineure (LC)",/,/,Difficile,"Aucun potentiel invasif identifié à ce jour",/,Xérophile,/,Simple,Dense,/,/,/,/,/,/,/,/,/,/,/,/,/,/,
Non,4,"Quercus faginea","Chêne faginé","10<H<15 m","H<10 m",Globuleux,/,"Mars à Avril","Septembre à Octobre",/,/,"Afrique du Nord, péninsule ibérique",/,Non,Difficile,"Aucun potentiel invasif identifié à ce jour",Calcaricole,Mésophile,/,Simple,Dense,/,/,SEMI-PERSISTANT,TARDIVE,NON,OUI,OUI,/,NON,OUI,/,OUI,/,OUI,
Oui,3,"Quercus falcata","Chêne rouge falciforme","H>20 m","15 à 20 m",Ovoïde,/,Mai,Automne,/,/,"Amérique du Nord",/,/,"Assez facile","Aucun potentiel invasif identifié à ce jour",Acidicline,Mésophile,/,Simple,Léger,/,/,MARCESCENT,/,/,OUI,/,OUI,NON,/,/,OUI,/,OUI,
Oui,2,"Quercus frainetto","Chêne de Hongrie","H>20 m","8 à 10 m",Ovoïde,/,Mai,Automne,/,/,"Sud de l'Europe",/,/,"Assez facile","Aucun potentiel invasif identifié à ce jour",Indifférente,Mésophile,/,Simple,/,/,/,MARCESCENT,TARDIVE,/,OUI,/,/,NON,/,/,OUI,MOYENNE,/,
Oui,2,"Quercus glauca","Chêne bleu du Japon","10<H<15 m","H<10 m",Elancé,/,Avril,Automne,/,/,Japon,Non,Non,Difficile,"Aucun potentiel invasif identifié à ce jour",Calcaricole,Mésophile,/,Simple,Dense,/,/,PERSISTANT,TARDIVE,NON,OUI,OUI,/,NON,/,/,OUI,/,OUI,
Non,3,"Quercus hispanica","Chêne hybride d'Espagne","15<H<20 m","H<10 m",Ovoïde,/,Avril,Automne,"Aucun intérêt mellifère",/,Balkans,Non,Non,"Assez facile","Aucun potentiel invasif identifié à ce jour",Calcaricole,"Xérophile à Mésophile",/,Simple,Dense,/,/,PERSISTANT,TARDIVE,NON,OUI,/,/,NON,/,/,OUI,/,/,
Oui,3,"Quercus ilex","Chêne vert","5<H<20 m","4 à 9 m",Etalé,Précoce,"Avril à Mai",Automne,Mellifère,/,"Préoccupation mineure (LC)",Non,Non,Facile,"Aucun potentiel invasif identifié à ce jour",Indifférente,Xérophile,/,Simple,Dense,/,/,PERSISTANT,/,NON,OUI,NON,OUI,NON,/,NON,OUI,MOYENNE,OUI,
Non,2,"Quercus imbricaria","Chêne à lamelles","H>20 m","15 m",Ovoïde,/,"Avril à Mai",Automne,/,/,"Amérique du Nord",/,/,Facile,"Aucun potentiel invasif identifié à ce jour",Acidiphile,Mésophile,/,Simple,/,/,/,CADUC,/,/,OUI,/,/,NON,/,/,/,/,/,
Non,4,"Quercus infectoria","Chêne à galles","H<10 m","3 à 5 m",Globuleux,/,/,Automne,/,/,"Europe, Asie",Oui,Non,Difficile,"Aucun potentiel invasif identifié à ce jour",Indifférente,Indifférente,/,Simple,Dense,/,/,MARCESCENT,TARDIVE,NON,OUI,OUI,OUI,NON,NON,/,OUI,/,OUI,
Oui,3,"Quercus ithaburensis","Chêne de Crète/Grèce","10<H<15 m","H<10 m",Ovoïde,/,Mai,Automne,/,/,"Sud-Ouest de l'Asie",Non,Non,Difficile,"Aucun potentiel invasif identifié à ce jour",Indifférente,Mésophile,/,Simple,Léger,/,/,MARCESCENT,TARDIVE,NON,OUI,OUI,OUI,NON,/,/,OUI,/,/,
Non,4,"Quercus laurifolia","Chêne à feuilles de laurier","10<H<25 m","H<10 m",Ovoïde,/,"Février à Mars","Automne ",/,/,"Amérique du Nord",/,Non,Difficile,"Aucun potentiel invasif identifié à ce jour",Indifférente,"Xérophile à Mésophile",/,Simple,Dense,/,/,SEMI-PERSISTANT,TARDIVE,NON,OUI,OUI,OUI,NON,/,/,OUI,/,/,
Non,4,"Quercus libani","Chêne du Liban","H<10 m","H<10 m",Ovoïde,/,Mai,Automne,Mellifère,/,"Asie Mineure",/,/,"Assez facile","Aucun potentiel invasif identifié à ce jour",Calcaricole,Mésophile,/,Simple,Dense,/,/,/,/,/,/,/,/,/,/,/,/,/,/,
Non,3,"Quercus macranthera","Chêne du Caucase","15<H<20 m","15<H<20 m",Ovoïde,/,"Mai à Juin",Automne,Mellifère,/,"Caucase, Arménie, Iran",Oui,Non,"Assez facile","Aucun potentiel invasif identifié à ce jour","Acidiphile à Acidicline",Mésophile,/,Simple,Dense,/,/,/,/,/,/,/,/,/,/,/,/,/,/,
Non,3,"Quercus myrsinifolia","Chêne à feuilles de myrsine","H<10 m","H<10 m",Ovoïde,/,"Juillet à Août","Absent ou stérile",Mellifère,/,Chine,/,/,"Assez facile","Aucun potentiel invasif identifié à ce jour",Acidicline,Mésophile,/,Simple,Dense,/,/,PERSISTANT,TARDIVE,NON,OUI,OUI,OUI,NON,/,/,OUI,/,/,
Oui,2,"Quercus petraea","Chêne sessile","H>20 m","10 à 15 m",Etalé,/,"Avril à Mai","Septembre à Octobre",Mellifère,/,"Préoccupation mineure (LC)",/,/,"Assez facile","Aucun potentiel invasif identifié à ce jour",Indifférente,Mésophile,/,Simple,/,/,/,MARCESCENT,/,/,/,/,/,NON,/,/,OUI,MOYENNE,OUI,
Oui,3,"Quercus pubescens","Chêne pubescent","H>20 m","H<10 m",Ovoïde,/,"Mars à Mai",Automne,Mellifère,/,"Préoccupation mineure (LC)",Oui,Non,Facile,"Aucun potentiel invasif identifié à ce jour",Indifférente,"Xérophile à Mésophile",/,Simple,/,/,/,MARCESCENT,TARDIVE,/,OUI,OUI,/,NON,OUI,/,OUI,/,OUI,
Oui,2,"Quercus pyrenaica","Chêne tauzin","15<H<20 m","H<10 m",Ovoïde,Tardif,"Mai à Juin",Automne,"Aucun intérêt mellifère",/,"Europe méridionale, Maroc",Oui,Non,Facile,"Aucun potentiel invasif identifié à ce jour","Acidiphile à Acidicline","Xérophile à Mésophile",/,Simple,Dense,/,/,MARCESCENT,TARDIVE,OUI,OUI,OUI,OUI,NON,OUI,/,OUI,MOYENNE,OUI,
Oui,1,"Quercus robur"," Chêne pédonculé","H>20 m","10 à 15 m",Etalé,/,"Avril à Mai","Septembre à Octobre",Mellifère,/,"Préoccupation mineure (LC)",Oui,/,"Assez facile","Aucun potentiel invasif identifié à ce jour",Indifférente,Mésophile,"Courtes inondations",Simple,/,/,/,MARCESCENT,TARDIVE,/,/,/,/,NON,/,/,OUI,MOYENNE,OUI,
Oui,4,"Quercus rotundifolia","Chêne à glands doux","H<10 m","H<10 m",Ovoïde,/,"Février à Avril",Automne,Mellifère,/,Méditerranée,/,/,Difficile,"Aucun potentiel invasif identifié à ce jour",Indifférente,/,/,Simple,Dense,/,"TRES INFLAMMABLE",PERSISTANT,/,NON,OUI,OUI,OUI,OUI,/,NON,OUI,/,OUI,
Oui,2,"Quercus rubra","Chêne rouge d'Amérique","H>20 m","10 à 15 m",Ovoïde,/,"Avril à Mai","Septembre à Octobre",Mellifère,/,"Amérique du Nord",/,/,Facile,"Aucun potentiel invasif identifié à ce jour",Acidicline,Mésophile,/,Simple,/,/,/,MARCESCENT,TARDIVE,NON,OUI,OUI,OUI,NON,/,/,OUI,/,OUI,
Non,3,"Quercus rysophylla","Chêne du Mexique","10<H<15 m","H<10 m",Ovoïde,/,Mai,Eté,Mellifère,/,"Amérique centrale",Non,Non,Difficile,"Aucun potentiel invasif identifié à ce jour",Acidiphile,"Xérophile à Mésophile",/,Simple,Dense,/,/,PERSISTANT,/,NON,OUI,/,OUI,NON,/,/,OUI,/,OUI,
Non,4,"Quercus shumardii","Chêne de Schumard","H>20 m","10<H<15 m",Elancé,/,Mars,Automne,Mellifère,"Oui - fruits","Asie Mineure",/,/,Difficile,"Aucun potentiel invasif identifié à ce jour",Indifférente,Mésophile,/,Simple,Léger,/,/,/,/,/,/,/,/,/,/,/,/,/,/,
Oui,2,"Quercus suber","Chêne liège","10<H<15 m","10 m",Etalé,Tardif,"Avril à Mai",Automne,Mellifère,/,"Méditerranée ocidentale",Non,Non,Facile,"Aucun potentiel invasif identifié à ce jour",Acidiphile,"Xérophile à Mésophile",/,Simple,Dense,OUI,/,PERSISTANT,TARDIVE,NON,OUI,OUI,OUI,OUI,OUI,NON,OUI,/,OUI,
Non,4,"Quercus texana","Chêne du Texas","H>20 m","10 m","Conique à Etalé",/,Mai,Automne,"Aucun intérêt mellifère",/,"Amérique du Nord",Oui,Oui,"Assez facile","Aucun potentiel invasif identifié à ce jour",Indifférente,Mésophile,Oui,Simple,Dense,/,/,CADUC,TARDIVE,NON,OUI,NON,OUI,NON,/,NON,OUI,/,OUI,
Non,4,"Quercus trojana","Chêne de Macédoine","H<10 m","H<10 m",Conique,/,Mai,Automne,Mellifère,/,"Asie Mineure",/,/,Difficile,"Aucun potentiel invasif identifié à ce jour",Indifférente,Mésophile,/,Simple,Dense,/,/,/,/,/,/,/,/,/,/,/,/,/,/,
Oui,3,"Quercus variabilis","Chêne liège de Chine","20<H<25 m",/,Ovoïde,/,Mai,Automne,"Aucun intérêt mellifère",/,Chine,Oui,Oui,"Assez facile","Aucun potentiel invasif identifié à ce jour",Acidicline,Mésophile,/,Simple,Dense,POSSIBLE,"POSSIBLEMENT FAIBLE",MARCESCENT,/,NON,OUI,NON,OUI,NON,NON,NON,OUI,/,OUI,
Oui,3,"Quercus velutina","Chêne des Teinturiers","H>20 m","10<H<15 m",Ovoïde,/,Mai,Automne,Mellifère,/,"Amérique du Nord",/,/,Difficile,"Aucun potentiel invasif identifié à ce jour",Calcaricole,Xérophile,/,Simple,Dense,/,/,/,/,/,/,/,/,/,/,/,/,/,/,
Non,4,"Quillaja saponaria","Bois de Panama","H<10 m","H<10 m",Elancé,/,"Mars à Octobre","Juillet à Août",Mellifère,Oui,"Amérique du Sud",/,/,Difficile,"Aucun potentiel invasif identifié à ce jour",Indifférente,Mésophile,/,Simple,Léger,/,/,/,/,/,/,/,/,/,/,/,/,/,/,
Non,5,"Raphiolepsis deflexa","Néfllier de Taïwan","H<10 m","H<10 m",Etalé,/,"Septembre à Octobre",Printemps,"Très mellifère","Oui - fruits",Chine,Non,Non,Difficile,"Aucun potentiel invasif identifié à ce jour","Acidiphile à Acidicline",Mésophile,/,Simple,Dense,/,/,PERSISTANT,TARDIVE,OUI,OUI,OUI,OUI,NON,/,NON,OUI,/,/,
Oui,2,"Salix alba","Saule blanc","15<H<20 m","10 à 15 m",Elancé,Précoce,"Mars à Mai",/,Mellifère,/,"Préoccupation mineure (LC)",Oui,Oui,Facile,"Aucun potentiel invasif identifié à ce jour",Calcaricole,"Hygrophile à Mésophile",Oui,Simple,Léger,/,/,CADUC,/,NON,OUI,NON,OUI,NON,NON,/,NON,MOYENNE,OUI,
Oui,2,"Salix viminalis","Saule des vanniers","H<10 m","3 à 8 m",Elancé,Précoce,"Mars à Avril",/,"Aucun intérêt mellifère",/,"Préoccupation mineure (LC)",Oui,Non,"Assez facile","Aucun potentiel invasif identifié à ce jour",Calcaricole,Hygrophile,Oui,Simple,Léger,/,/,CADUC,/,NON,OUI,NON,OUI,NON,/,/,NON,FORTE,OUI,
Oui,2,"Sambucus nigra","Sureau noir","H<10 m","3 à 5 m",Globuleux,Précoce,"Juin à Juillet",Juillet,"Très mellifère","Oui - fruits","Préoccupation mineure (LC)",Non,/,Facile,"Aucun potentiel invasif identifié à ce jour",Calcaricole,Mésophile,/,Composée,Léger,/,/,CADUC,TARDIVE,OUI,NON,OUI,/,NON,OUI,NON,OUI,MOYENNE,/,
Non,4,"Sapindus saponaria L.","Bois savonnette","H<10 m","H<10 m",Globuleux,/,"Mai à Juin",Octobre,Mellifère,Non,Amériques,Oui,/,Difficile,"Aucun potentiel invasif identifié à ce jour",Acidicline,Indifférente,/,Composée,Léger,/,/,/,/,/,/,/,/,/,/,/,/,/,/,
Non,4,"Schinus molle","Faux poivrier","H<10 m","3 à 5 m",Pleureur,/,"Mai à Juin",Eté,Mellifère,/,"Amérique centrale",/,/,Difficile,"Aucun potentiel invasif identifié à ce jour",Acidicline,"Xérophile à Mésophile",/,Composée,Léger,/,/,PERSISTANT,/,OUI,OUI,OUI,OUI,NON,/,NON,NON,/,OUI,
Non,5,"Senegalia visco",/,"H<10 m","H<10 m",Elancé,/,Printemps,/,/,/,"Amérique du Sud",/,/,Difficile,"Aucun potentiel invasif identifié à ce jour",/,/,/,Composée,Léger,/,/,/,/,/,/,/,/,/,/,/,/,/,/,
Oui,2,"Sequoia sempervirens","Séquoia toujours vert","H>20 m","H<10 m",Elancé,/,"Mars à Avril",/,"Aucun intérêt mellifère",/,"Amérique du Nord",Non,/,Facile,"Aucun potentiel invasif identifié à ce jour",Indifférente,Mésophile,/,Aiguille,Dense,/,"POSSIBLEMENT FAIBLE",PERSISTANT,TARDIVE,NON,OUI,OUI,OUI,NON,NON,/,OUI,/,OUI,
Oui,2,"Sequoiadendron giganteum","Séquoia géant","H>20 m","8 à 12 m",Elancé,/,"Mars à Avril",/,"Aucun intérêt mellifère",/,"Amérique du Nord",Oui,Oui,Facile,"Aucun potentiel invasif identifié à ce jour","Acidiphile à Acidicline",Mésophile,/,Aiguille,Dense,/,/,PERSISTANT,/,NON,OUI,OUI,OUI,NON,NON,/,OUI,MOYENNE,OUI,
Non,3,"Sophora japonica","Grand-Sophora du Japon","15<H<20 m","10 à 15 m",Ovoïde,Tardif,"Juillet à Août","Etés chauds","Très mellifère",/,"Chine, Corée  ",Oui,Oui,Facile,"Aucun potentiel invasif identifié à ce jour",Acidiphile,Mésophile,/,Composée,/,/,/,CADUC,/,OUI,OUI,/,/,NON,/,OUI,/,FORTE,/,
Oui,2,"Sorbus aria"," Alisier blanc","10<H<15 m","5 à 8 m",Ovoïde,/,"Mai à Juin","Juillet à Août",Mellifère,"Oui - fruits","Préoccupation mineure (LC)",Oui,Oui,Facile,"Aucun potentiel invasif identifié à ce jour",Calcaricole,Xérophile,/,Simple,/,/,/,CADUC,/,/,OUI,/,/,NON,/,/,/,/,/,
Oui,1,"Sorbus aucuparia","Sorbier des oiseleurs","H<10 m","4 à 6 m",Ovoïde,/,"Mai à Juin","Août à Octobre",Mellifère,Non,"Préoccupation mineure (LC)",Oui,Oui,Facile,"Aucun potentiel invasif identifié à ce jour",Indifférente,"Xérophile à Mésophile",/,Composée,Léger,/,/,CADUC,/,OUI,OUI,OUI,/,NON,/,OUI,/,/,OUI,
Oui,2,"Sorbus domestica",Cormier,"10<H<15 m","10<H<15 m",Ovoïde,Précoce,"Avril à Juin","Juillet à Août",Mellifère,"Oui - fruits","Préoccupation mineure (LC)",Non,Oui,Difficile,"Aucun potentiel invasif identifié à ce jour","Calcaricole à Acidicline",Xérophile,/,Composée,Léger,/,/,CADUC,/,OUI,OUI,OUI,/,NON,/,NON,OUI,/,OUI,
Oui,1,"Sorbus intermedia","Alisier de Suède","H<10 m","5 à 7 m",Ovoïde,Précoce,"Mai à Juin",Septembre,Mellifère,"Oui - fruits","Nord de l'Europe",Oui,Oui,Facile,"Aucun potentiel invasif identifié à ce jour",Calcaricole,Mésophile,Non,Simple,Léger,/,/,CADUC,/,OUI,OUI,OUI,/,NON,/,/,OUI,/,/,
Oui,2,"Sorbus torminalis","Alisier torminal","10<H<25 m","10 à 15 m",Ovoïde,Précoce,"Avril à Mai",Octobre,Mellifère,"Oui - fruits","Europe, Proche-Orient, Afrique du Nord",Oui,Oui,Difficile,"Aucun potentiel invasif identifié à ce jour",Indifférente,"Xérophile à Mésophile",/,Simple,Léger,/,/,CADUC,/,OUI,OUI,OUI,OUI,NON,OUI,NON,OUI,/,OUI,
Non,1,"Sorbus x thuringiaca","Sorbier hybride","H<10 m","3 à 5 m",Ovoïde,/,"Mai à Juin",/,Mellifère,/,Europe,/,/,Difficile,"Aucun potentiel invasif identifié à ce jour","Acidiphile à Acidicline","Xérophile à Mésophile",/,Simple,Dense,/,/,/,/,/,/,/,/,/,/,/,/,/,/,
Oui,2,"Styrax japonicus","Styrax du Japon","H<10 m","4 m",Globuleux,/,"Juin à Juillet",Septembre,Mellifère,/,"Asie orientale",Oui,Non,Difficile,"Aucun potentiel invasif identifié à ce jour",Acidiphile,Mésophile,/,Simple,Léger,/,/,CADUC,/,OUI,OUI,OUI,OUI,NON,/,/,/,/,/,
Non,4,"Sycoparrotia semidecidua",Sycoparrotia,"2 à 4 m","3 m",Ovoïde,/,"Février à Avril",Automne,Mellifère,/,"Iran, Caucase",/,/,Difficile,"Aucun potentiel invasif identifié à ce jour",Indifférente,Mésophile,/,Simple,Dense,/,/,/,/,/,/,/,/,/,/,/,/,/,/,
Oui,2,"Syringa vulgaris","Lilas commun","H<10 m","3 à 5 m",Conique,/,"Avril à Juin",/,"Très mellifère",/,"Sud-Est de l'Europe",/,/,Facile,"Aucun potentiel invasif identifié à ce jour",Acidicline,Mésophile,/,Simple,Léger,/,/,CADUC,/,OUI,/,NON,/,NON,OUI,/,NON,OUI,NON,
Oui,2,"Tamarix africana","Tamaris d'Afrique","H<10 m","2 à 3 m",Etalé,Précoce,Mai,/,"Très mellifère",/,Proche-Orient,/,Oui,Facile,"Aucun potentiel invasif identifié à ce jour",Calcaricole,"Xérophile à Mésophile",/,Ecaille,Léger,/,/,CADUC,/,OUI,OUI,/,/,NON,/,/,/,/,/,
Oui,3,"Tamarix gallica",Tamaris,"H<10 m","3 à 5 m",Etalé,/,Juin,/,"Très mellifère",/,"Bassin méditerranéen",/,/,Difficile,"Aucun potentiel invasif identifié à ce jour",Indifférente,"Xérophile à Mésophile",/,Ecaille,Léger,/,/,/,/,/,/,/,/,/,/,/,/,/,/,
Oui,3,"Taxodium distichum","Cyprès chauve","H>20 m","10<H<15 m",Conique,/,/,/,"Aucun intérêt mellifère",/,"Amérique du Nord",/,/,"Assez facile","Aucun potentiel invasif identifié à ce jour","Acidiphile à Acidicline",Indifférente,/,Aiguille,Dense,/,/,/,/,/,/,/,/,/,/,/,/,/,/,
Oui,2,"Taxus baccata",If,"15<H<20 m","10<H<15 m",Ovoïde,/,"Mars à Avril",/,"Aucun intérêt mellifère",/,"Préoccupation mineure (LC)",/,Non,Facile,"Aucun potentiel invasif identifié à ce jour","Calcaricole à Acidicline",Mésophile,/,Aiguille,Dense,/,/,/,/,/,/,/,/,/,/,/,/,/,/,
Non,3,"Tetradium daniellii","Arbre à miel","10<H<15 m","8 m",Etalé,/,"Avril à Mai",Automne,/,/,"Chine, Corée",/,/,Facile,"Aucun potentiel invasif identifié à ce jour",/,/,/,Composée,/,/,/,CADUC,/,/,/,/,/,NON,/,/,/,/,/,
Oui,2,"Tilia americana","Tilleul d'Amérique","H>20 m","10<H<15 m",Conique,/,Juillet,/,Mellifère,/,"Amérique du Nord",/,/,Facile,"Aucun potentiel invasif identifié à ce jour","Acidiphile à Acidicline",Mésophile,/,Simple,Léger,/,/,/,/,/,/,/,/,/,/,/,/,/,/,
Oui,2,"Tilia cordata"," Tilleul à petites feuilles","H>20 m","12 m",Ovoïde,/,Juillet,Automne,"Très mellifère",/,"Préoccupation mineure (LC)",/,/,Facile,"Aucun potentiel invasif identifié à ce jour",Acidicline,Mésophile,/,Simple,/,/,/,CADUC,PRECOCE,OUI,/,/,/,NON,/,/,/,MOYENNE,OUI,
Non,2,"Tilia dasystyla","Tilleul à style poilu","H>20 m",/,/,/,/,/,Mellifère,/,Caucase,/,/,/,"Aucun potentiel invasif identifié à ce jour","Acidiphile à Acidicline",Mésophile,/,Simple,/,/,/,CADUC,/,OUI,OUI,/,OUI,NON,/,/,/,/,/,
Non,2,"Tilia henryana","Tilleul de Henry","10<H<15 m","10 m",Ovoïde,Tardif,"Août à Septembre",Automne,"Très mellifère",/,"Chine centrale",Non,Non,Facile,"Aucun potentiel invasif identifié à ce jour",Acidicline,Mésophile,/,Simple,Dense,/,/,CADUC,/,OUI,OUI,NON,OUI,NON,/,NON,NON,/,/,
Non,4,"Tilia kiusiana","Tilleul de Kyushu","H<10 m",/,Colonne,/,Juillet,Automne,/,/,"Chine centrale, Japon",/,/,Facile,"Aucun potentiel invasif identifié à ce jour",Indifférente,/,/,Simple,/,/,/,CADUC,/,/,/,/,/,NON,/,/,/,/,/,
Non,2,"Tilia mongolica","Tilleul de Mongolie","15<H<20 m","10 à 12 m",Etalé,/,Juillet,"Eté ",/,/,"Mongolie, Chine, Sibérie",/,/,Facile,"Aucun potentiel invasif identifié à ce jour",Acidiphile,Mésophile,/,Simple,/,/,/,CADUC,/,/,/,/,/,NON,/,/,/,/,/,
Oui,2,"Tilia platyphyllos ","Tilleul à grandes feuilles","20<H<35 m","18 à 25 m",Ovoïde,Précoce,"Juin à Juillet","Eté ","Très mellifère",/,"Préoccupation mineure (LC)",Oui,Oui,Facile,"Aucun potentiel invasif identifié à ce jour",Acidicline,"Xérophile à Mésophile",/,Simple,Dense,/,/,CADUC,PRECOCE,OUI,OUI,NON,NON,NON,NON,NON,OUI,/,OUI,
Non,3,"Tilia tomentosa","Tilleul argenté","H>20 m","15 à 20 m",Ovoïde,/,Juillet,"Eté ",Mellifère,/,"Sud-Est de l'Europe",Oui,Oui,Facile,"Aucun potentiel invasif identifié à ce jour",Acidicline,Mésophile,/,Simple,Dense,/,/,CADUC,/,OUI,OUI,NON,OUI,NON,/,NON,NON,/,OUI,
Non,2,"Tilia x euchlora","Tilleul de Crimée","15<H<20 m","10<H<15 m",Conique,/,Juillet,/,Mellifère,/,Europe,/,/,"Assez facile","Aucun potentiel invasif identifié à ce jour","Acidiphile à Acidicline","Xérophile à Mésophile",/,Simple,Léger,/,/,/,/,/,/,/,/,/,/,/,/,/,/,
Oui,4,"Tipuana tipu","Tipuana tipu","H<10 m","H<10 m",Etalé,/,"Juin à Août",Automne,"Très mellifère",/,"Amérique du Sud",/,Non,Difficile,"Aucun potentiel invasif identifié à ce jour",Indifférente,Mésophile,/,Composée,Léger,/,/,SEMI-PERSISTANT,/,OUI,OUI,NON,OUI,NON,/,/,NON,/,/,
Oui,1,"Ulmus glabra","Orme de montagne","H>20 m","10 à 15 m",Conique,/,"Mars à Avril","Printemps à Automne","Très mellifère",/,"Préoccupation mineure (LC)",/,/,Facile,"Aucun potentiel invasif identifié à ce jour","Calcaricole à Acidicline",Mésophile,/,Simple,Dense,/,/,CADUC,/,OUI,OUI,NON,/,NON,NON,/,NON,/,/,
Oui,2,"Ulmus laevis","Orme lisse","H>20 m","10 à 20 m",Conique,Tardif,"Mars à Avril","Eté ",Mellifère,/,"Préoccupation mineure (LC)",/,/,Facile,"Aucun potentiel invasif identifié à ce jour","Calcaricole à Acidicline","Hygrophile à Mésophile",Oui,Simple,Léger,/,/,CADUC,/,OUI,OUI,NON,/,NON,OUI,/,NON,MOYENNE,OUI,
Oui,2,"Ulmus minor","Orme champêtre, orme à feuilles de charme","H>20 m","15 à 20 m",Etalé,Précoce,"Février à Avril",Printemps,"Très mellifère",/,"Préoccupation mineure (LC)",/,Non,Facile,"Aucun potentiel invasif identifié à ce jour","Calcaricole à Acidicline","Xérophile à Mésophile",Oui,Simple,Dense,/,/,CADUC,/,OUI,OUI,NON,/,NON,OUI,/,NON,MOYENNE,OUI,
Non,4,"Ulmus parvifolia","Orme de Chine","10<H<15 m","10 m",Ovoïde,Tardif,Septembre,Automne,"Aucun intérêt mellifère",/,"Chine, Corée, Japon",Oui,Oui,Facile,"Aucun potentiel invasif identifié à ce jour",Acidicline,Mésophile,"Courtes inondations",Simple,Dense,/,/,MARCESCENT,TARDIVE,OUI,NON,NON,OUI,NON,/,NON,NON,/,/,
Oui,2,"Ulmus pumila","Orme de Sibérie","15<H<20 m","10 m",Conique,Précoce,Mars,Eté,"Aucun intérêt mellifère",/,"Sibérie orientale, Corée",Non,Oui,"Assez facile","Aucun potentiel invasif identifié à ce jour",Calcaricole,Mésophile,"Courtes inondations",Simple,Dense,/,/,CADUC,/,NON,OUI,NON,NON,NON,/,/,NON,/,/,
Oui,3,"Vitex agnus-castus",Gattilier,"H<10 m","2 à 3 m",Ovoïde,/,"Août à Septembre","Automne - marcescent","Très mellifère",/,Méditerranée,/,/,Difficile,"Aucun potentiel invasif identifié à ce jour",Calcaricole,Mésophile,/,Composée,/,/,/,CADUC,/,OUI,OUI,OUI,/,NON,/,NON,NON,/,/,
Non,2,"Zelkova carpinifolia","Faux orme de Sibérie","H>30 m","10<H<15 m",Ovoïde,/,"Avril à Mai",/,/,/,"Caucase, Iran",/,/,"Assez facile","Aucun potentiel invasif identifié à ce jour","Acidiphile à Acidicline",Mésophile,/,Simple,Léger,/,/,/,/,/,/,/,/,/,/,/,/,/,/,
Oui,2,"Zelkova serrata","Zelkova du japon","H>20 m","15 à 20 m",Etalé,/,"Avril à Mai",Eté,/,/,"Chine, Corée, Japon",/,/,"Assez facile","Aucun potentiel invasif identifié à ce jour",Acidiphile,Mésophile,/,Simple,/,/,/,CADUC,/,/,OUI,/,/,NON,/,NON,/,/,/,
